role_id,role_label,model_id,scheme_id,fe_label,scenario_id,scenario_label,Year,province_n,outcome_actual_mean,actual_pred_mean,counterfactual_pred_mean,actual_minus_counterfactual_mean,relative_change_pct_mean
main_model,主模型,SYS_08952 | Province: No / Year: Yes,SYS_08952,Province: No / Year: Yes,all_climate_to_baseline,所有气候变量恢复基准,2014,30,0.5180760436227867,0.5180760436227867,0.5180760436227867,0.0,0.0
main_model,主模型,SYS_08952 | Province: No / Year: Yes,SYS_08952,Province: No / Year: Yes,all_climate_to_baseline,所有气候变量恢复基准,2015,30,0.4247907550324049,0.4247907550324049,0.38301860978287744,0.04177214524952741,28.223153890673363
main_model,主模型,SYS_08952 | Province: No / Year: Yes,SYS_08952,Province: No / Year: Yes,all_climate_to_baseline,所有气候变量恢复基准,2016,30,0.19947571476759338,0.19947571476759338,0.042119109425204325,0.15735660534238907,52.092272285758504
main_model,主模型,SYS_08952 | Province: No / Year: Yes,SYS_08952,Province: No / Year: Yes,all_climate_to_baseline,所有气候变量恢复基准,2017,31,0.007435104621970694,0.007435104621970711,-0.10740346134457758,0.11483856596654828,57.740351324286515
main_model,主模型,SYS_08952 | Province: No / Year: Yes,SYS_08952,Province: No / Year: Yes,all_climate_to_baseline,所有气候变量恢复基准,2018,31,-0.08212787350784694,-0.08212787350784694,-0.13408525373418148,0.051957380226334525,16.98270752619713
main_model,主模型,SYS_08952 | Province: No / Year: Yes,SYS_08952,Province: No / Year: Yes,all_climate_to_baseline,所有气候变量恢复基准,2019,31,-0.13604431469085038,-0.13604431469085038,-0.2729618517354702,0.13691753704461984,53.248041909799504
main_model,主模型,SYS_08952 | Province: No / Year: Yes,SYS_08952,Province: No / Year: Yes,all_climate_to_baseline,所有气候变量恢复基准,2020,31,-0.18613766445953162,-0.1861376644595316,-0.3041548528835317,0.11801718842400015,44.531875443552124
main_model,主模型,SYS_08952 | Province: No / Year: Yes,SYS_08952,Province: No / Year: Yes,all_climate_to_baseline,所有气候变量恢复基准,2021,31,-0.21077545298772796,-0.21077545298772793,-0.43626322535075573,0.22548777236302783,73.40946103344557
main_model,主模型,SYS_08952 | Province: No / Year: Yes,SYS_08952,Province: No / Year: Yes,all_climate_to_baseline,所有气候变量恢复基准,2022,31,-0.29194597307072845,-0.29194597307072845,-0.40456524539821476,0.11261927232748627,22.696409929002574
main_model,主模型,SYS_08952 | Province: No / Year: Yes,SYS_08952,Province: No / Year: Yes,all_climate_to_baseline,所有气候变量恢复基准,2023,31,-0.20682107748715584,-0.20682107748715584,-0.46638125894195465,0.2595601814547988,69.47118866865432
main_model,主模型,SYS_08952 | Province: No / Year: Yes,SYS_08952,Province: No / Year: Yes,r1xday_to_baseline,仅 R1xday 恢复基准,2014,30,0.5180760436227867,0.5180760436227867,0.5180760436227867,0.0,0.0
main_model,主模型,SYS_08952 | Province: No / Year: Yes,SYS_08952,Province: No / Year: Yes,r1xday_to_baseline,仅 R1xday 恢复基准,2015,30,0.4247907550324049,0.4247907550324049,0.43314056940411716,-0.008349814371712309,0.05857663881854401
main_model,主模型,SYS_08952 | Province: No / Year: Yes,SYS_08952,Province: No / Year: Yes,r1xday_to_baseline,仅 R1xday 恢复基准,2016,30,0.19947571476759338,0.19947571476759338,0.09482430706386766,0.10465140770372572,43.53835569527565
main_model,主模型,SYS_08952 | Province: No / Year: Yes,SYS_08952,Province: No / Year: Yes,r1xday_to_baseline,仅 R1xday 恢复基准,2017,31,0.007435104621970694,0.007435104621970711,0.015371938287940484,-0.007936833665969773,1.6577281470438812
main_model,主模型,SYS_08952 | Province: No / Year: Yes,SYS_08952,Province: No / Year: Yes,r1xday_to_baseline,仅 R1xday 恢复基准,2018,31,-0.08212787350784694,-0.08212787350784694,-0.10757271898759485,0.025444845479747916,-7.421703266918336
main_model,主模型,SYS_08952 | Province: No / Year: Yes,SYS_08952,Province: No / Year: Yes,r1xday_to_baseline,仅 R1xday 恢复基准,2019,31,-0.13604431469085038,-0.13604431469085038,-0.15908895241077617,0.02304463771992578,-2.825475264842676
main_model,主模型,SYS_08952 | Province: No / Year: Yes,SYS_08952,Province: No / Year: Yes,r1xday_to_baseline,仅 R1xday 恢复基准,2020,31,-0.18613766445953162,-0.1861376644595316,-0.20536861205656115,0.019230947597029556,3.9830160219896293
main_model,主模型,SYS_08952 | Province: No / Year: Yes,SYS_08952,Province: No / Year: Yes,r1xday_to_baseline,仅 R1xday 恢复基准,2021,31,-0.21077545298772796,-0.21077545298772793,-0.23670979955543303,0.025934346567705137,-3.83525605491383
main_model,主模型,SYS_08952 | Province: No / Year: Yes,SYS_08952,Province: No / Year: Yes,r1xday_to_baseline,仅 R1xday 恢复基准,2022,31,-0.29194597307072845,-0.29194597307072845,-0.29464628235983886,0.00270030928911043,0.8837099915446797
main_model,主模型,SYS_08952 | Province: No / Year: Yes,SYS_08952,Province: No / Year: Yes,r1xday_to_baseline,仅 R1xday 恢复基准,2023,31,-0.20682107748715584,-0.20682107748715584,-0.21949827229486504,0.012677194807709223,-4.579290828192376
main_model,主模型,SYS_08952 | Province: No / Year: Yes,SYS_08952,Province: No / Year: Yes,temperature_to_baseline,仅温度变量恢复基准,2014,30,0.5180760436227867,0.5180760436227867,0.5180760436227867,0.0,0.0
main_model,主模型,SYS_08952 | Province: No / Year: Yes,SYS_08952,Province: No / Year: Yes,temperature_to_baseline,仅温度变量恢复基准,2015,30,0.4247907550324049,0.4247907550324049,0.37466879541116516,0.0501219596212397,23.820231393394064
main_model,主模型,SYS_08952 | Province: No / Year: Yes,SYS_08952,Province: No / Year: Yes,temperature_to_baseline,仅温度变量恢复基准,2016,30,0.19947571476759338,0.19947571476759338,0.14677051712893005,0.05270519763866333,12.158580018476583
main_model,主模型,SYS_08952 | Province: No / Year: Yes,SYS_08952,Province: No / Year: Yes,temperature_to_baseline,仅温度变量恢复基准,2017,31,0.007435104621970694,0.007435104621970711,-0.11534029501054735,0.12277539963251806,64.80216229179062
main_model,主模型,SYS_08952 | Province: No / Year: Yes,SYS_08952,Province: No / Year: Yes,temperature_to_baseline,仅温度变量恢复基准,2018,31,-0.08212787350784694,-0.08212787350784694,-0.10864040825443357,0.02651253474658662,6.757575994308426
main_model,主模型,SYS_08952 | Province: No / Year: Yes,SYS_08952,Province: No / Year: Yes,temperature_to_baseline,仅温度变量恢复基准,2019,31,-0.13604431469085038,-0.13604431469085038,-0.24991721401554445,0.11387289932469408,40.5020633067137
main_model,主模型,SYS_08952 | Province: No / Year: Yes,SYS_08952,Province: No / Year: Yes,temperature_to_baseline,仅温度变量恢复基准,2020,31,-0.18613766445953162,-0.1861376644595316,-0.2849239052865022,0.09878624082697059,30.557996408866757
main_model,主模型,SYS_08952 | Province: No / Year: Yes,SYS_08952,Province: No / Year: Yes,temperature_to_baseline,仅温度变量恢复基准,2021,31,-0.21077545298772796,-0.21077545298772793,-0.4103288787830505,0.19955342579532265,58.20081862717825
main_model,主模型,SYS_08952 | Province: No / Year: Yes,SYS_08952,Province: No / Year: Yes,temperature_to_baseline,仅温度变量恢复基准,2022,31,-0.29194597307072845,-0.29194597307072845,-0.4018649361091043,0.10991896303837582,19.226362929936084
main_model,主模型,SYS_08952 | Province: No / Year: Yes,SYS_08952,Province: No / Year: Yes,temperature_to_baseline,仅温度变量恢复基准,2023,31,-0.20682107748715584,-0.20682107748715584,-0.4537040641342454,0.2468829866470896,64.5206267551162
robust_low_vif,稳健性模型 1,方案F_低VIF主线组 | Province: No / Year: Yes,方案F_低VIF主线组,Province: No / Year: Yes,all_climate_to_baseline,所有气候变量恢复基准,2014,30,0.5180760436227867,0.5180760436227867,0.5180760436227867,0.0,0.0
robust_low_vif,稳健性模型 1,方案F_低VIF主线组 | Province: No / Year: Yes,方案F_低VIF主线组,Province: No / Year: Yes,all_climate_to_baseline,所有气候变量恢复基准,2015,30,0.4247907550324049,0.4247907550324049,0.3893276374927686,0.035463117539636206,16.020464476807543
robust_low_vif,稳健性模型 1,方案F_低VIF主线组 | Province: No / Year: Yes,方案F_低VIF主线组,Province: No / Year: Yes,all_climate_to_baseline,所有气候变量恢复基准,2016,30,0.19947571476759338,0.19947571476759338,0.05162370471755163,0.14785201005004173,86.92308227136262
robust_low_vif,稳健性模型 1,方案F_低VIF主线组 | Province: No / Year: Yes,方案F_低VIF主线组,Province: No / Year: Yes,all_climate_to_baseline,所有气候变量恢复基准,2017,31,0.007435104621970694,0.0074351046219706994,-0.09163256150171682,0.09906766612368752,19.12022338445276
robust_low_vif,稳健性模型 1,方案F_低VIF主线组 | Province: No / Year: Yes,方案F_低VIF主线组,Province: No / Year: Yes,all_climate_to_baseline,所有气候变量恢复基准,2018,31,-0.08212787350784694,-0.08212787350784694,-0.12999237516630016,0.047864501658453205,34.99540028266439
robust_low_vif,稳健性模型 1,方案F_低VIF主线组 | Province: No / Year: Yes,方案F_低VIF主线组,Province: No / Year: Yes,all_climate_to_baseline,所有气候变量恢复基准,2019,31,-0.13604431469085038,-0.13604431469085038,-0.2575650785048214,0.12152076381397102,62.87865514337042
robust_low_vif,稳健性模型 1,方案F_低VIF主线组 | Province: No / Year: Yes,方案F_低VIF主线组,Province: No / Year: Yes,all_climate_to_baseline,所有气候变量恢复基准,2020,31,-0.18613766445953162,-0.18613766445953162,-0.2908171957987675,0.10467953133923592,40.96513583721135
robust_low_vif,稳健性模型 1,方案F_低VIF主线组 | Province: No / Year: Yes,方案F_低VIF主线组,Province: No / Year: Yes,all_climate_to_baseline,所有气候变量恢复基准,2021,31,-0.21077545298772796,-0.21077545298772793,-0.40964722380692126,0.19887177081919333,71.33281234830116
robust_low_vif,稳健性模型 1,方案F_低VIF主线组 | Province: No / Year: Yes,方案F_低VIF主线组,Province: No / Year: Yes,all_climate_to_baseline,所有气候变量恢复基准,2022,31,-0.29194597307072845,-0.2919459730707284,-0.3901976531570473,0.09825168008631886,26.304401775305447
robust_low_vif,稳健性模型 1,方案F_低VIF主线组 | Province: No / Year: Yes,方案F_低VIF主线组,Province: No / Year: Yes,all_climate_to_baseline,所有气候变量恢复基准,2023,31,-0.20682107748715584,-0.20682107748715586,-0.43394367143134244,0.22712259394418657,81.54181907805419
robust_low_vif,稳健性模型 1,方案F_低VIF主线组 | Province: No / Year: Yes,方案F_低VIF主线组,Province: No / Year: Yes,r1xday_to_baseline,仅 R1xday 恢复基准,2014,30,0.5180760436227867,0.5180760436227867,0.5180760436227867,0.0,0.0
robust_low_vif,稳健性模型 1,方案F_低VIF主线组 | Province: No / Year: Yes,方案F_低VIF主线组,Province: No / Year: Yes,r1xday_to_baseline,仅 R1xday 恢复基准,2015,30,0.4247907550324049,0.4247907550324049,0.4329292758355602,-0.008138520803155318,0.19704081803393841
robust_low_vif,稳健性模型 1,方案F_低VIF主线组 | Province: No / Year: Yes,方案F_低VIF主线组,Province: No / Year: Yes,r1xday_to_baseline,仅 R1xday 恢复基准,2016,30,0.19947571476759338,0.19947571476759338,0.09747252993492266,0.10200318483267072,99.82567722000455
robust_low_vif,稳健性模型 1,方案F_低VIF主线组 | Province: No / Year: Yes,方案F_低VIF主线组,Province: No / Year: Yes,r1xday_to_baseline,仅 R1xday 恢复基准,2017,31,0.007435104621970694,0.0074351046219706994,0.015171095271117567,-0.007735990649146866,-4.796268643810963
robust_low_vif,稳健性模型 1,方案F_低VIF主线组 | Province: No / Year: Yes,方案F_低VIF主线组,Province: No / Year: Yes,r1xday_to_baseline,仅 R1xday 恢复基准,2018,31,-0.08212787350784694,-0.08212787350784694,-0.10692883255330345,0.024800959045456504,-8.248390594901192
robust_low_vif,稳健性模型 1,方案F_低VIF主线组 | Province: No / Year: Yes,方案F_低VIF主线组,Province: No / Year: Yes,r1xday_to_baseline,仅 R1xday 恢复基准,2019,31,-0.13604431469085038,-0.13604431469085038,-0.15850580366959668,0.022461488978746315,11.871493229954813
robust_low_vif,稳健性模型 1,方案F_低VIF主线组 | Province: No / Year: Yes,方案F_低VIF主线组,Province: No / Year: Yes,r1xday_to_baseline,仅 R1xday 恢复基准,2020,31,-0.18613766445953162,-0.18613766445953162,-0.2048819694363043,0.018744304976772683,31.984348746657197
robust_low_vif,稳健性模型 1,方案F_低VIF主线组 | Province: No / Year: Yes,方案F_低VIF主线组,Province: No / Year: Yes,r1xday_to_baseline,仅 R1xday 恢复基准,2021,31,-0.21077545298772796,-0.21077545298772793,-0.2360535262072436,0.025278073219515668,7.931649075873905
robust_low_vif,稳健性模型 1,方案F_低VIF主线组 | Province: No / Year: Yes,方案F_低VIF主线组,Province: No / Year: Yes,r1xday_to_baseline,仅 R1xday 恢复基准,2022,31,-0.29194597307072845,-0.2919459730707284,-0.2945779505430458,0.00263197747231738,1.65710488001355
robust_low_vif,稳健性模型 1,方案F_低VIF主线组 | Province: No / Year: Yes,方案F_低VIF主线组,Province: No / Year: Yes,r1xday_to_baseline,仅 R1xday 恢复基准,2023,31,-0.20682107748715584,-0.20682107748715586,-0.21917747357875378,0.012356396091597902,28.099283760974355
robust_low_vif,稳健性模型 1,方案F_低VIF主线组 | Province: No / Year: Yes,方案F_低VIF主线组,Province: No / Year: Yes,temperature_to_baseline,仅温度变量恢复基准,2014,30,0.5180760436227867,0.5180760436227867,0.5180760436227867,0.0,0.0
robust_low_vif,稳健性模型 1,方案F_低VIF主线组 | Province: No / Year: Yes,方案F_低VIF主线组,Province: No / Year: Yes,temperature_to_baseline,仅温度变量恢复基准,2015,30,0.4247907550324049,0.4247907550324049,0.38118911668961336,0.043601638342791516,17.634261095407112
robust_low_vif,稳健性模型 1,方案F_低VIF主线组 | Province: No / Year: Yes,方案F_低VIF主线组,Province: No / Year: Yes,temperature_to_baseline,仅温度变量恢复基准,2016,30,0.19947571476759338,0.19947571476759338,0.15362688955022233,0.04584882521737104,17.43817760396537
robust_low_vif,稳健性模型 1,方案F_低VIF主线组 | Province: No / Year: Yes,方案F_低VIF主线组,Province: No / Year: Yes,temperature_to_baseline,仅温度变量恢复基准,2017,31,0.007435104621970694,0.0074351046219706994,-0.09936855215086368,0.10680365677283439,38.0865999762969
robust_low_vif,稳健性模型 1,方案F_低VIF主线组 | Province: No / Year: Yes,方案F_低VIF主线组,Province: No / Year: Yes,temperature_to_baseline,仅温度变量恢复基准,2018,31,-0.08212787350784694,-0.08212787350784694,-0.10519141612084366,0.023063542612996722,4.2728965998370345
robust_low_vif,稳健性模型 1,方案F_低VIF主线组 | Province: No / Year: Yes,方案F_低VIF主线组,Province: No / Year: Yes,temperature_to_baseline,仅温度变量恢复基准,2019,31,-0.13604431469085038,-0.13604431469085038,-0.23510358952607505,0.0990592748352247,40.9773935618511
robust_low_vif,稳健性模型 1,方案F_低VIF主线组 | Province: No / Year: Yes,方案F_低VIF主线组,Province: No / Year: Yes,temperature_to_baseline,仅温度变量恢复基准,2020,31,-0.18613766445953162,-0.18613766445953162,-0.2720728908219949,0.08593522636246326,25.25512349709296
robust_low_vif,稳健性模型 1,方案F_低VIF主线组 | Province: No / Year: Yes,方案F_低VIF主线组,Province: No / Year: Yes,temperature_to_baseline,仅温度变量恢复基准,2021,31,-0.21077545298772796,-0.21077545298772793,-0.38436915058740556,0.1735936975996777,65.08905982347851
robust_low_vif,稳健性模型 1,方案F_低VIF主线组 | Province: No / Year: Yes,方案F_低VIF主线组,Province: No / Year: Yes,temperature_to_baseline,仅温度变量恢复基准,2022,31,-0.29194597307072845,-0.2919459730707284,-0.3875656756847299,0.09561970261400148,24.32697012587995
robust_low_vif,稳健性模型 1,方案F_低VIF主线组 | Province: No / Year: Yes,方案F_低VIF主线组,Province: No / Year: Yes,temperature_to_baseline,仅温度变量恢复基准,2023,31,-0.20682107748715584,-0.20682107748715586,-0.4215872753397445,0.21476619785258866,71.02841764020647
robust_systematic,稳健性模型 2,SYS_09556 | Province: No / Year: Yes,SYS_09556,Province: No / Year: Yes,all_climate_to_baseline,所有气候变量恢复基准,2014,30,0.5180760436227867,0.5180760436227867,0.5180760436227867,0.0,0.0
robust_systematic,稳健性模型 2,SYS_09556 | Province: No / Year: Yes,SYS_09556,Province: No / Year: Yes,all_climate_to_baseline,所有气候变量恢复基准,2015,30,0.4247907550324049,0.4247907550324049,0.4266504477431743,-0.001859692710769406,20.674016465888688
robust_systematic,稳健性模型 2,SYS_09556 | Province: No / Year: Yes,SYS_09556,Province: No / Year: Yes,all_climate_to_baseline,所有气候变量恢复基准,2016,30,0.19947571476759338,0.19947571476759343,0.08196402512167864,0.11751168964591477,64.53672846527263
robust_systematic,稳健性模型 2,SYS_09556 | Province: No / Year: Yes,SYS_09556,Province: No / Year: Yes,all_climate_to_baseline,所有气候变量恢复基准,2017,31,0.007435104621970694,0.007435104621970707,-0.07271826821782536,0.08015337283979607,4.313371566760901
robust_systematic,稳健性模型 2,SYS_09556 | Province: No / Year: Yes,SYS_09556,Province: No / Year: Yes,all_climate_to_baseline,所有气候变量恢复基准,2018,31,-0.08212787350784694,-0.08212787350784692,-0.12631550842474973,0.0441876349169028,7.571819063238475
robust_systematic,稳健性模型 2,SYS_09556 | Province: No / Year: Yes,SYS_09556,Province: No / Year: Yes,all_climate_to_baseline,所有气候变量恢复基准,2019,31,-0.13604431469085038,-0.13604431469085038,-0.26286266562633875,0.1268183509354884,46.089002588077264
robust_systematic,稳健性模型 2,SYS_09556 | Province: No / Year: Yes,SYS_09556,Province: No / Year: Yes,all_climate_to_baseline,所有气候变量恢复基准,2020,31,-0.18613766445953162,-0.18613766445953162,-0.27225425161021205,0.08611658715068041,31.70589154171914
robust_systematic,稳健性模型 2,SYS_09556 | Province: No / Year: Yes,SYS_09556,Province: No / Year: Yes,all_climate_to_baseline,所有气候变量恢复基准,2021,31,-0.21077545298772796,-0.21077545298772796,-0.37397514388856634,0.1631996909008384,46.912269826868965
robust_systematic,稳健性模型 2,SYS_09556 | Province: No / Year: Yes,SYS_09556,Province: No / Year: Yes,all_climate_to_baseline,所有气候变量恢复基准,2022,31,-0.29194597307072845,-0.2919459730707284,-0.39380502202119966,0.10185904895047124,17.71547599253524
robust_systematic,稳健性模型 2,SYS_09556 | Province: No / Year: Yes,SYS_09556,Province: No / Year: Yes,all_climate_to_baseline,所有气候变量恢复基准,2023,31,-0.20682107748715584,-0.20682107748715586,-0.4119399960493726,0.20511891856221673,58.335057086910766
robust_systematic,稳健性模型 2,SYS_09556 | Province: No / Year: Yes,SYS_09556,Province: No / Year: Yes,r1xday_plus_temperature_to_baseline,R1xday + 温度变量共同恢复基准,2014,30,0.5180760436227867,0.5180760436227867,0.5180760436227867,0.0,0.0
robust_systematic,稳健性模型 2,SYS_09556 | Province: No / Year: Yes,SYS_09556,Province: No / Year: Yes,r1xday_plus_temperature_to_baseline,R1xday + 温度变量共同恢复基准,2015,30,0.4247907550324049,0.4247907550324049,0.39623469110102627,0.02855606393137856,25.521147904100417
robust_systematic,稳健性模型 2,SYS_09556 | Province: No / Year: Yes,SYS_09556,Province: No / Year: Yes,r1xday_plus_temperature_to_baseline,R1xday + 温度变量共同恢复基准,2016,30,0.19947571476759338,0.19947571476759343,0.020320914325494707,0.1791548004420987,168.16561099734858
robust_systematic,稳健性模型 2,SYS_09556 | Province: No / Year: Yes,SYS_09556,Province: No / Year: Yes,r1xday_plus_temperature_to_baseline,R1xday + 温度变量共同恢复基准,2017,31,0.007435104621970694,0.007435104621970707,-0.07896895162852044,0.08640405625049113,46.674591412303734
robust_systematic,稳健性模型 2,SYS_09556 | Province: No / Year: Yes,SYS_09556,Province: No / Year: Yes,r1xday_plus_temperature_to_baseline,R1xday + 温度变量共同恢复基准,2018,31,-0.08212787350784694,-0.08212787350784692,-0.13649151158848327,0.05436363808063636,-22.074559180856145
robust_systematic,稳健性模型 2,SYS_09556 | Province: No / Year: Yes,SYS_09556,Province: No / Year: Yes,r1xday_plus_temperature_to_baseline,R1xday + 温度变量共同恢复基准,2019,31,-0.13604431469085038,-0.13604431469085038,-0.25615749937553245,0.12011318468468207,59.54475270088055
robust_systematic,稳健性模型 2,SYS_09556 | Province: No / Year: Yes,SYS_09556,Province: No / Year: Yes,r1xday_plus_temperature_to_baseline,R1xday + 温度变量共同恢复基准,2020,31,-0.18613766445953162,-0.18613766445953162,-0.2893375114526848,0.10319984699315325,30.343595862038377
robust_systematic,稳健性模型 2,SYS_09556 | Province: No / Year: Yes,SYS_09556,Province: No / Year: Yes,r1xday_plus_temperature_to_baseline,R1xday + 温度变量共同恢复基准,2021,31,-0.21077545298772796,-0.21077545298772796,-0.402267803799181,0.19149235081145308,62.816688127046746
robust_systematic,稳健性模型 2,SYS_09556 | Province: No / Year: Yes,SYS_09556,Province: No / Year: Yes,r1xday_plus_temperature_to_baseline,R1xday + 温度变量共同恢复基准,2022,31,-0.29194597307072845,-0.2919459730707284,-0.38219408857004694,0.09024811549931848,33.606978997484525
robust_systematic,稳健性模型 2,SYS_09556 | Province: No / Year: Yes,SYS_09556,Province: No / Year: Yes,r1xday_plus_temperature_to_baseline,R1xday + 温度变量共同恢复基准,2023,31,-0.20682107748715584,-0.20682107748715586,-0.41821538920671447,0.2113943117195586,61.07915837376126
robust_systematic,稳健性模型 2,SYS_09556 | Province: No / Year: Yes,SYS_09556,Province: No / Year: Yes,r1xday_to_baseline,仅 R1xday 恢复基准,2014,30,0.5180760436227867,0.5180760436227867,0.5180760436227867,0.0,0.0
robust_systematic,稳健性模型 2,SYS_09556 | Province: No / Year: Yes,SYS_09556,Province: No / Year: Yes,r1xday_to_baseline,仅 R1xday 恢复基准,2015,30,0.4247907550324049,0.4247907550324049,0.43576814612989667,-0.010977391097491778,2.430718740559593
robust_systematic,稳健性模型 2,SYS_09556 | Province: No / Year: Yes,SYS_09556,Province: No / Year: Yes,r1xday_to_baseline,仅 R1xday 恢复基准,2016,30,0.19947571476759338,0.19947571476759343,0.06189188593915973,0.13758382882843367,70.06738901892558
robust_systematic,稳健性模型 2,SYS_09556 | Province: No / Year: Yes,SYS_09556,Province: No / Year: Yes,r1xday_to_baseline,仅 R1xday 恢复基准,2017,31,0.007435104621970694,0.007435104621970707,0.017869555419135284,-0.010434450797164579,-12.221954919897446
robust_systematic,稳健性模型 2,SYS_09556 | Province: No / Year: Yes,SYS_09556,Province: No / Year: Yes,r1xday_to_baseline,仅 R1xday 恢复基准,2018,31,-0.08212787350784694,-0.08212787350784692,-0.1155798770868389,0.033452003578991966,15.495358065889123
robust_systematic,稳健性模型 2,SYS_09556 | Province: No / Year: Yes,SYS_09556,Province: No / Year: Yes,r1xday_to_baseline,仅 R1xday 恢复基准,2019,31,-0.13604431469085038,-0.13604431469085038,-0.16634079670710383,0.030296482016253443,35.46994914779853
robust_systematic,稳健性模型 2,SYS_09556 | Province: No / Year: Yes,SYS_09556,Province: No / Year: Yes,r1xday_to_baseline,仅 R1xday 恢复基准,2020,31,-0.18613766445953162,-0.18613766445953162,-0.211420338247245,0.02528267378771339,13.740289521275233
robust_systematic,稳健性模型 2,SYS_09556 | Province: No / Year: Yes,SYS_09556,Province: No / Year: Yes,r1xday_to_baseline,仅 R1xday 恢复基准,2021,31,-0.21077545298772796,-0.21077545298772796,-0.24487099720677996,0.034095544219052004,13.12017482365438
robust_systematic,稳健性模型 2,SYS_09556 | Province: No / Year: Yes,SYS_09556,Province: No / Year: Yes,r1xday_to_baseline,仅 R1xday 恢复基准,2022,31,-0.29194597307072845,-0.2919459730707284,-0.2954960341656407,0.0035500610949122666,1.5845297237606628
robust_systematic,稳健性模型 2,SYS_09556 | Province: No / Year: Yes,SYS_09556,Province: No / Year: Yes,r1xday_to_baseline,仅 R1xday 恢复基准,2023,31,-0.20682107748715584,-0.20682107748715586,-0.22348761870929057,0.016666541222134727,12.457513460524977
robust_systematic,稳健性模型 2,SYS_09556 | Province: No / Year: Yes,SYS_09556,Province: No / Year: Yes,temperature_to_baseline,仅温度变量恢复基准,2014,30,0.5180760436227867,0.5180760436227867,0.5180760436227867,0.0,0.0
robust_systematic,稳健性模型 2,SYS_09556 | Province: No / Year: Yes,SYS_09556,Province: No / Year: Yes,temperature_to_baseline,仅温度变量恢复基准,2015,30,0.4247907550324049,0.4247907550324049,0.3852573000035345,0.03953345502887035,31.025082125085095
robust_systematic,稳健性模型 2,SYS_09556 | Province: No / Year: Yes,SYS_09556,Province: No / Year: Yes,temperature_to_baseline,仅温度变量恢复基准,2016,30,0.19947571476759338,0.19947571476759343,0.15790474315392838,0.04157097161366501,15.563382409732638
robust_systematic,稳健性模型 2,SYS_09556 | Province: No / Year: Yes,SYS_09556,Province: No / Year: Yes,temperature_to_baseline,仅温度变量恢复基准,2017,31,0.007435104621970694,0.007435104621970707,-0.08940340242568501,0.09683850704765572,38.159063606165645
robust_systematic,稳健性模型 2,SYS_09556 | Province: No / Year: Yes,SYS_09556,Province: No / Year: Yes,temperature_to_baseline,仅温度变量恢复基准,2018,31,-0.08212787350784694,-0.08212787350784692,-0.1030395080094913,0.020911634501644384,3.7132076350785703
robust_systematic,稳健性模型 2,SYS_09556 | Province: No / Year: Yes,SYS_09556,Province: No / Year: Yes,temperature_to_baseline,仅温度变量恢复基准,2019,31,-0.13604431469085038,-0.13604431469085038,-0.22586101735927905,0.08981670266842864,39.88097848200178
robust_systematic,稳健性模型 2,SYS_09556 | Province: No / Year: Yes,SYS_09556,Province: No / Year: Yes,temperature_to_baseline,仅温度变量恢复基准,2020,31,-0.18613766445953162,-0.18613766445953162,-0.26405483766497145,0.07791717320543985,18.904797039225297
robust_systematic,稳健性模型 2,SYS_09556 | Province: No / Year: Yes,SYS_09556,Province: No / Year: Yes,temperature_to_baseline,仅温度变量恢复基准,2021,31,-0.21077545298772796,-0.21077545298772796,-0.36817225958012906,0.1573968065924011,40.20610899287241
robust_systematic,稳健性模型 2,SYS_09556 | Province: No / Year: Yes,SYS_09556,Province: No / Year: Yes,temperature_to_baseline,仅温度变量恢复基准,2022,31,-0.29194597307072845,-0.2919459730707284,-0.37864402747513465,0.08669805440440621,27.132278226516988
robust_systematic,稳健性模型 2,SYS_09556 | Province: No / Year: Yes,SYS_09556,Province: No / Year: Yes,temperature_to_baseline,仅温度变量恢复基准,2023,31,-0.20682107748715584,-0.20682107748715586,-0.40154884798457974,0.19472777049742385,67.59923406784668
robust_systematic_2,稳健性模型 3,SYS_09557 | Province: No / Year: Yes,SYS_09557,Province: No / Year: Yes,all_climate_to_baseline,所有气候变量恢复基准,2014,30,0.5180760436227867,0.5180760436227867,0.5180760436227867,0.0,0.0
robust_systematic_2,稳健性模型 3,SYS_09557 | Province: No / Year: Yes,SYS_09557,Province: No / Year: Yes,all_climate_to_baseline,所有气候变量恢复基准,2015,30,0.4247907550324049,0.4247907550324049,0.42550501540167684,-0.0007142603692719962,17.43966284715172
robust_systematic_2,稳健性模型 3,SYS_09557 | Province: No / Year: Yes,SYS_09557,Province: No / Year: Yes,all_climate_to_baseline,所有气候变量恢复基准,2016,30,0.19947571476759338,0.19947571476759338,0.08291297403079584,0.11656274073679755,77.87312683244731
robust_systematic_2,稳健性模型 3,SYS_09557 | Province: No / Year: Yes,SYS_09557,Province: No / Year: Yes,all_climate_to_baseline,所有气候变量恢复基准,2017,31,0.007435104621970694,0.0074351046219706856,-0.07485456260241857,0.08228966722438925,17.181764994705222
robust_systematic_2,稳健性模型 3,SYS_09557 | Province: No / Year: Yes,SYS_09557,Province: No / Year: Yes,all_climate_to_baseline,所有气候变量恢复基准,2018,31,-0.08212787350784694,-0.08212787350784692,-0.1262716521117357,0.04414377860388877,8.620997711911887
robust_systematic_2,稳健性模型 3,SYS_09557 | Province: No / Year: Yes,SYS_09557,Province: No / Year: Yes,all_climate_to_baseline,所有气候变量恢复基准,2019,31,-0.13604431469085038,-0.13604431469085038,-0.2641433282655187,0.1280990135746683,46.65653707915124
robust_systematic_2,稳健性模型 3,SYS_09557 | Province: No / Year: Yes,SYS_09557,Province: No / Year: Yes,all_climate_to_baseline,所有气候变量恢复基准,2020,31,-0.18613766445953162,-0.18613766445953162,-0.27351915071150307,0.08738148625197148,31.781336282182806
robust_systematic_2,稳健性模型 3,SYS_09557 | Province: No / Year: Yes,SYS_09557,Province: No / Year: Yes,all_climate_to_baseline,所有气候变量恢复基准,2021,31,-0.21077545298772796,-0.21077545298772796,-0.3767583072179434,0.1659828542302154,48.06791369552913
robust_systematic_2,稳健性模型 3,SYS_09557 | Province: No / Year: Yes,SYS_09557,Province: No / Year: Yes,all_climate_to_baseline,所有气候变量恢复基准,2022,31,-0.29194597307072845,-0.29194597307072845,-0.3954120782875543,0.10346610521682591,17.92003128919646
robust_systematic_2,稳健性模型 3,SYS_09557 | Province: No / Year: Yes,SYS_09557,Province: No / Year: Yes,all_climate_to_baseline,所有气候变量恢复基准,2023,31,-0.20682107748715584,-0.20682107748715584,-0.4156089005355102,0.20878782304835433,59.98382396852448
robust_systematic_2,稳健性模型 3,SYS_09557 | Province: No / Year: Yes,SYS_09557,Province: No / Year: Yes,r1xday_plus_temperature_to_baseline,R1xday + 温度变量共同恢复基准,2014,30,0.5180760436227867,0.5180760436227867,0.5180760436227867,0.0,0.0
robust_systematic_2,稳健性模型 3,SYS_09557 | Province: No / Year: Yes,SYS_09557,Province: No / Year: Yes,r1xday_plus_temperature_to_baseline,R1xday + 温度变量共同恢复基准,2015,30,0.4247907550324049,0.4247907550324049,0.395272904957325,0.0295178500750799,23.747651130838932
robust_systematic_2,稳健性模型 3,SYS_09557 | Province: No / Year: Yes,SYS_09557,Province: No / Year: Yes,r1xday_plus_temperature_to_baseline,R1xday + 温度变量共同恢复基准,2016,30,0.19947571476759338,0.19947571476759338,0.021642055945489753,0.17783365882210364,166.774380808828
robust_systematic_2,稳健性模型 3,SYS_09557 | Province: No / Year: Yes,SYS_09557,Province: No / Year: Yes,r1xday_plus_temperature_to_baseline,R1xday + 温度变量共同恢复基准,2017,31,0.007435104621970694,0.0074351046219706856,-0.08106750523764956,0.08850260985962026,46.2754567557329
robust_systematic_2,稳健性模型 3,SYS_09557 | Province: No / Year: Yes,SYS_09557,Province: No / Year: Yes,r1xday_plus_temperature_to_baseline,R1xday + 温度变量共同恢复基准,2018,31,-0.08212787350784694,-0.08212787350784692,-0.1363862139537304,0.05425834044588348,-19.221344949824704
robust_systematic_2,稳健性模型 3,SYS_09557 | Province: No / Year: Yes,SYS_09557,Province: No / Year: Yes,r1xday_plus_temperature_to_baseline,R1xday + 温度变量共同恢复基准,2019,31,-0.13604431469085038,-0.13604431469085038,-0.2574786468956916,0.12143433220484125,59.77053485075458
robust_systematic_2,稳健性模型 3,SYS_09557 | Province: No / Year: Yes,SYS_09557,Province: No / Year: Yes,r1xday_plus_temperature_to_baseline,R1xday + 温度变量共同恢复基准,2020,31,-0.18613766445953162,-0.18613766445953162,-0.29049926415676663,0.10436159969723502,31.179740288398428
robust_systematic_2,稳健性模型 3,SYS_09557 | Province: No / Year: Yes,SYS_09557,Province: No / Year: Yes,r1xday_plus_temperature_to_baseline,R1xday + 温度变量共同恢复基准,2021,31,-0.21077545298772796,-0.21077545298772796,-0.404880139899788,0.19410468691206006,63.21174064487669
robust_systematic_2,稳健性模型 3,SYS_09557 | Province: No / Year: Yes,SYS_09557,Province: No / Year: Yes,r1xday_plus_temperature_to_baseline,R1xday + 温度变量共同恢复基准,2022,31,-0.29194597307072845,-0.29194597307072845,-0.3838712500718641,0.09192527700113565,33.783821088861465
robust_systematic_2,稳健性模型 3,SYS_09557 | Province: No / Year: Yes,SYS_09557,Province: No / Year: Yes,r1xday_plus_temperature_to_baseline,R1xday + 温度变量共同恢复基准,2023,31,-0.20682107748715584,-0.20682107748715584,-0.4218464037233018,0.21502532623614592,82.20648711401951
robust_systematic_2,稳健性模型 3,SYS_09557 | Province: No / Year: Yes,SYS_09557,Province: No / Year: Yes,r1xday_to_baseline,仅 R1xday 恢复基准,2014,30,0.5180760436227867,0.5180760436227867,0.5180760436227867,0.0,0.0
robust_systematic_2,稳健性模型 3,SYS_09557 | Province: No / Year: Yes,SYS_09557,Province: No / Year: Yes,r1xday_to_baseline,仅 R1xday 恢复基准,2015,30,0.4247907550324049,0.4247907550324049,0.4355964485978581,-0.010805693565453306,2.3678787071371916
robust_systematic_2,稳健性模型 3,SYS_09557 | Province: No / Year: Yes,SYS_09557,Province: No / Year: Yes,r1xday_to_baseline,仅 R1xday 恢复基准,2016,30,0.19947571476759338,0.19947571476759338,0.06404383658466824,0.13543187818292515,67.18778514467306
robust_systematic_2,稳健性模型 3,SYS_09557 | Province: No / Year: Yes,SYS_09557,Province: No / Year: Yes,r1xday_to_baseline,仅 R1xday 恢复基准,2017,31,0.007435104621970694,0.0074351046219706856,0.01770635002414305,-0.010271245402172368,-12.559656621446072
robust_systematic_2,稳健性模型 3,SYS_09557 | Province: No / Year: Yes,SYS_09557,Province: No / Year: Yes,r1xday_to_baseline,仅 R1xday 恢复基准,2018,31,-0.08212787350784694,-0.08212787350784692,-0.11505665381773555,0.032928780309888626,16.699429395391583
robust_systematic_2,稳健性模型 3,SYS_09557 | Province: No / Year: Yes,SYS_09557,Province: No / Year: Yes,r1xday_to_baseline,仅 R1xday 恢复基准,2019,31,-0.13604431469085038,-0.13604431469085038,-0.1658669289961477,0.029822614305297288,36.46386082585054
robust_systematic_2,稳健性模型 3,SYS_09557 | Province: No / Year: Yes,SYS_09557,Province: No / Year: Yes,r1xday_to_baseline,仅 R1xday 恢复基准,2020,31,-0.18613766445953162,-0.18613766445953162,-0.21102489158290266,0.024887227123371044,5.760893069690642
robust_systematic_2,稳健性模型 3,SYS_09557 | Province: No / Year: Yes,SYS_09557,Province: No / Year: Yes,r1xday_to_baseline,仅 R1xday 恢复基准,2021,31,-0.21077545298772796,-0.21077545298772796,-0.2443377083092697,0.03356225532154176,14.119928221664678
robust_systematic_2,稳健性模型 3,SYS_09557 | Province: No / Year: Yes,SYS_09557,Province: No / Year: Yes,r1xday_to_baseline,仅 R1xday 恢复基准,2022,31,-0.29194597307072845,-0.29194597307072845,-0.2954405076089963,0.003494534538267907,1.7345525147346066
robust_systematic_2,稳健性模型 3,SYS_09557 | Province: No / Year: Yes,SYS_09557,Province: No / Year: Yes,r1xday_to_baseline,仅 R1xday 恢复基准,2023,31,-0.20682107748715584,-0.20682107748715584,-0.2232269370983282,0.016405859611172354,-16.860554272493378
robust_systematic_2,稳健性模型 3,SYS_09557 | Province: No / Year: Yes,SYS_09557,Province: No / Year: Yes,temperature_to_baseline,仅温度变量恢复基准,2014,30,0.5180760436227867,0.5180760436227867,0.5180760436227867,0.0,0.0
robust_systematic_2,稳健性模型 3,SYS_09557 | Province: No / Year: Yes,SYS_09557,Province: No / Year: Yes,temperature_to_baseline,仅温度变量恢复基准,2015,30,0.4247907550324049,0.4247907550324049,0.3844672113918717,0.04032354364053317,36.8083132423015
robust_systematic_2,稳健性模型 3,SYS_09557 | Province: No / Year: Yes,SYS_09557,Province: No / Year: Yes,temperature_to_baseline,仅温度变量恢复基准,2016,30,0.19947571476759338,0.19947571476759338,0.15707393412841492,0.042401780639178495,27.24724593273042
robust_systematic_2,稳健性模型 3,SYS_09557 | Province: No / Year: Yes,SYS_09557,Province: No / Year: Yes,temperature_to_baseline,仅温度变量恢复基准,2017,31,0.007435104621970694,0.0074351046219706856,-0.09133875063982193,0.09877385526179261,37.87481520595305
robust_systematic_2,稳健性模型 3,SYS_09557 | Province: No / Year: Yes,SYS_09557,Province: No / Year: Yes,temperature_to_baseline,仅温度变量恢复基准,2018,31,-0.08212787350784694,-0.08212787350784692,-0.10345743364384177,0.021329560135994848,3.435939145777901
robust_systematic_2,稳健性模型 3,SYS_09557 | Province: No / Year: Yes,SYS_09557,Province: No / Year: Yes,temperature_to_baseline,仅温度变量恢复基准,2019,31,-0.13604431469085038,-0.13604431469085038,-0.22765603259039432,0.09161171789954395,41.38153620796537
robust_systematic_2,稳健性模型 3,SYS_09557 | Province: No / Year: Yes,SYS_09557,Province: No / Year: Yes,temperature_to_baseline,仅温度变量恢复基准,2020,31,-0.18613766445953162,-0.18613766445953162,-0.2656120370333956,0.07947437257386397,19.16850406744545
robust_systematic_2,稳健性模型 3,SYS_09557 | Province: No / Year: Yes,SYS_09557,Province: No / Year: Yes,temperature_to_baseline,仅温度变量恢复基准,2021,31,-0.21077545298772796,-0.21077545298772796,-0.37131788457824627,0.16054243159051831,40.302244101891446
robust_systematic_2,稳健性模型 3,SYS_09557 | Province: No / Year: Yes,SYS_09557,Province: No / Year: Yes,temperature_to_baseline,仅温度变量恢复基准,2022,31,-0.29194597307072845,-0.29194597307072845,-0.3803767155335962,0.08843074246286774,27.624149238390785
robust_systematic_2,稳健性模型 3,SYS_09557 | Province: No / Year: Yes,SYS_09557,Province: No / Year: Yes,temperature_to_baseline,仅温度变量恢复基准,2023,31,-0.20682107748715584,-0.20682107748715584,-0.4054405441121294,0.19861946662497354,56.25909071638755
strict_main_model,严筛主模型,SYS_09851 | Province: No / Year: Yes,SYS_09851,Province: No / Year: Yes,all_climate_to_baseline,所有气候变量恢复基准,2014,30,0.5180760436227867,0.5180760436227867,0.5180760436227867,0.0,0.0
strict_main_model,严筛主模型,SYS_09851 | Province: No / Year: Yes,SYS_09851,Province: No / Year: Yes,all_climate_to_baseline,所有气候变量恢复基准,2015,30,0.4247907550324049,0.42479075503240493,0.38226224062478614,0.04252851440761874,39.03740464394491
strict_main_model,严筛主模型,SYS_09851 | Province: No / Year: Yes,SYS_09851,Province: No / Year: Yes,all_climate_to_baseline,所有气候变量恢复基准,2016,30,0.19947571476759338,0.19947571476759335,0.04900032198939788,0.15047539277819547,60.88331301081856
strict_main_model,严筛主模型,SYS_09851 | Province: No / Year: Yes,SYS_09851,Province: No / Year: Yes,all_climate_to_baseline,所有气候变量恢复基准,2017,31,0.007435104621970694,0.0074351046219707,-0.10840916197069068,0.11584426659266138,42.867878949529256
strict_main_model,严筛主模型,SYS_09851 | Province: No / Year: Yes,SYS_09851,Province: No / Year: Yes,all_climate_to_baseline,所有气候变量恢复基准,2018,31,-0.08212787350784694,-0.08212787350784694,-0.13246443965202534,0.050336566144178384,22.025053666514655
strict_main_model,严筛主模型,SYS_09851 | Province: No / Year: Yes,SYS_09851,Province: No / Year: Yes,all_climate_to_baseline,所有气候变量恢复基准,2019,31,-0.13604431469085038,-0.13604431469085038,-0.2718368823652551,0.1357925676744047,85.04835649375102
strict_main_model,严筛主模型,SYS_09851 | Province: No / Year: Yes,SYS_09851,Province: No / Year: Yes,all_climate_to_baseline,所有气候变量恢复基准,2020,31,-0.18613766445953162,-0.18613766445953162,-0.30323039989271733,0.11709273543318573,39.18247201619818
strict_main_model,严筛主模型,SYS_09851 | Province: No / Year: Yes,SYS_09851,Province: No / Year: Yes,all_climate_to_baseline,所有气候变量恢复基准,2021,31,-0.21077545298772796,-0.2107754529877279,-0.4352696906409644,0.22449423765323648,72.02311802063385
strict_main_model,严筛主模型,SYS_09851 | Province: No / Year: Yes,SYS_09851,Province: No / Year: Yes,all_climate_to_baseline,所有气候变量恢复基准,2022,31,-0.29194597307072845,-0.29194597307072845,-0.4048020032675396,0.1128560301968112,34.15519863455152
strict_main_model,严筛主模型,SYS_09851 | Province: No / Year: Yes,SYS_09851,Province: No / Year: Yes,all_climate_to_baseline,所有气候变量恢复基准,2023,31,-0.20682107748715584,-0.20682107748715584,-0.46646554391975914,0.2596444664326033,80.62845569935207
strict_main_model,严筛主模型,SYS_09851 | Province: No / Year: Yes,SYS_09851,Province: No / Year: Yes,r1xday_to_baseline,仅 R1xday 恢复基准,2014,30,0.5180760436227867,0.5180760436227867,0.5180760436227867,0.0,0.0
strict_main_model,严筛主模型,SYS_09851 | Province: No / Year: Yes,SYS_09851,Province: No / Year: Yes,r1xday_to_baseline,仅 R1xday 恢复基准,2015,30,0.4247907550324049,0.42479075503240493,0.4325754895917413,-0.007784734559336437,2.851028184961589
strict_main_model,严筛主模型,SYS_09851 | Province: No / Year: Yes,SYS_09851,Province: No / Year: Yes,r1xday_to_baseline,仅 R1xday 恢复基准,2016,30,0.19947571476759338,0.19947571476759335,0.10190666784429799,0.09756904692329536,37.748303673655016
strict_main_model,严筛主模型,SYS_09851 | Province: No / Year: Yes,SYS_09851,Province: No / Year: Yes,r1xday_to_baseline,仅 R1xday 恢复基准,2017,31,0.007435104621970694,0.0074351046219707,0.014834807247756087,-0.007399702625785382,-29.27598052670983
strict_main_model,严筛主模型,SYS_09851 | Province: No / Year: Yes,SYS_09851,Province: No / Year: Yes,r1xday_to_baseline,仅 R1xday 恢复基准,2018,31,-0.08212787350784694,-0.08212787350784694,-0.10585072040540604,0.023722846897559092,15.821640523799656
strict_main_model,严筛主模型,SYS_09851 | Province: No / Year: Yes,SYS_09851,Province: No / Year: Yes,r1xday_to_baseline,仅 R1xday 恢复基准,2019,31,-0.13604431469085038,-0.13604431469085038,-0.15752938964933785,0.02148507495848746,-0.44530668131422785
strict_main_model,严筛主模型,SYS_09851 | Province: No / Year: Yes,SYS_09851,Province: No / Year: Yes,r1xday_to_baseline,仅 R1xday 恢复基准,2020,31,-0.18613766445953162,-0.18613766445953162,-0.2040671435716144,0.0179294791120828,19.46661538454359
strict_main_model,严筛主模型,SYS_09851 | Province: No / Year: Yes,SYS_09851,Province: No / Year: Yes,r1xday_to_baseline,仅 R1xday 恢复基准,2021,31,-0.21077545298772796,-0.2107754529877279,-0.23495467362805708,0.024179220640329152,21.314435146663655
strict_main_model,严筛主模型,SYS_09851 | Province: No / Year: Yes,SYS_09851,Province: No / Year: Yes,r1xday_to_baseline,仅 R1xday 恢复基准,2022,31,-0.29194597307072845,-0.29194597307072845,-0.2944635369479628,0.00251756387723436,2.002170872692722
strict_main_model,严筛主模型,SYS_09851 | Province: No / Year: Yes,SYS_09851,Province: No / Year: Yes,r1xday_to_baseline,仅 R1xday 恢复基准,2023,31,-0.20682107748715584,-0.20682107748715584,-0.21864033383725556,0.011819256350099745,1.8865173110981504
strict_main_model,严筛主模型,SYS_09851 | Province: No / Year: Yes,SYS_09851,Province: No / Year: Yes,temperature_to_baseline,仅温度变量恢复基准,2014,30,0.5180760436227867,0.5180760436227867,0.5180760436227867,0.0,0.0
strict_main_model,严筛主模型,SYS_09851 | Province: No / Year: Yes,SYS_09851,Province: No / Year: Yes,temperature_to_baseline,仅温度变量恢复基准,2015,30,0.4247907550324049,0.42479075503240493,0.3744775060654497,0.05031324896695518,38.49086761825593
strict_main_model,严筛主模型,SYS_09851 | Province: No / Year: Yes,SYS_09851,Province: No / Year: Yes,temperature_to_baseline,仅温度变量恢复基准,2016,30,0.19947571476759338,0.19947571476759335,0.14656936891269326,0.0529063458549001,8.108588083597951
strict_main_model,严筛主模型,SYS_09851 | Province: No / Year: Yes,SYS_09851,Province: No / Year: Yes,temperature_to_baseline,仅温度变量恢复基准,2017,31,0.007435104621970694,0.0074351046219707,-0.11580886459647607,0.12324396921844677,53.57950663757299
strict_main_model,严筛主模型,SYS_09851 | Province: No / Year: Yes,SYS_09851,Province: No / Year: Yes,temperature_to_baseline,仅温度变量恢复基准,2018,31,-0.08212787350784694,-0.08212787350784694,-0.10874159275446622,0.02661371924661928,17.543703164695835
strict_main_model,严筛主模型,SYS_09851 | Province: No / Year: Yes,SYS_09851,Province: No / Year: Yes,temperature_to_baseline,仅温度变量恢复基准,2019,31,-0.13604431469085038,-0.13604431469085038,-0.2503518074067676,0.11430749271591722,53.95965882028065
strict_main_model,严筛主模型,SYS_09851 | Province: No / Year: Yes,SYS_09851,Province: No / Year: Yes,temperature_to_baseline,仅温度变量恢复基准,2020,31,-0.18613766445953162,-0.18613766445953162,-0.28530092078063457,0.09916325632110291,41.240672269474345
strict_main_model,严筛主模型,SYS_09851 | Province: No / Year: Yes,SYS_09851,Province: No / Year: Yes,temperature_to_baseline,仅温度变量恢复基准,2021,31,-0.21077545298772796,-0.2107754529877279,-0.41109047000063526,0.20031501701290733,61.49127041252298
strict_main_model,严筛主模型,SYS_09851 | Province: No / Year: Yes,SYS_09851,Province: No / Year: Yes,temperature_to_baseline,仅温度变量恢复基准,2022,31,-0.29194597307072845,-0.29194597307072845,-0.4022844393903053,0.11033846631957683,32.0517046201279
strict_main_model,严筛主模型,SYS_09851 | Province: No / Year: Yes,SYS_09851,Province: No / Year: Yes,temperature_to_baseline,仅温度变量恢复基准,2023,31,-0.20682107748715584,-0.20682107748715584,-0.4546462875696594,0.24782521008250355,85.95827755509325
strict_top_02,严筛模型 2,SYS_10001 | Province: No / Year: Yes,SYS_10001,Province: No / Year: Yes,all_climate_to_baseline,所有气候变量恢复基准,2014,30,0.5180760436227867,0.5180760436227867,0.5180760436227867,0.0,0.0
strict_top_02,严筛模型 2,SYS_10001 | Province: No / Year: Yes,SYS_10001,Province: No / Year: Yes,all_climate_to_baseline,所有气候变量恢复基准,2015,30,0.4247907550324049,0.4247907550324049,0.38292029906785774,0.04187045596454718,43.22193079931266
strict_top_02,严筛模型 2,SYS_10001 | Province: No / Year: Yes,SYS_10001,Province: No / Year: Yes,all_climate_to_baseline,所有气候变量恢复基准,2016,30,0.19947571476759338,0.19947571476759335,0.04419655020465723,0.15527916456293614,64.51414351668592
strict_top_02,严筛模型 2,SYS_10001 | Province: No / Year: Yes,SYS_10001,Province: No / Year: Yes,all_climate_to_baseline,所有气候变量恢复基准,2017,31,0.007435104621970694,0.007435104621970719,-0.10740363992584892,0.11483874454781963,32.31810504890247
strict_top_02,严筛模型 2,SYS_10001 | Province: No / Year: Yes,SYS_10001,Province: No / Year: Yes,all_climate_to_baseline,所有气候变量恢复基准,2018,31,-0.08212787350784694,-0.08212787350784692,-0.13356314217620427,0.05143526866835732,36.78057887008119
strict_top_02,严筛模型 2,SYS_10001 | Province: No / Year: Yes,SYS_10001,Province: No / Year: Yes,all_climate_to_baseline,所有气候变量恢复基准,2019,31,-0.13604431469085038,-0.13604431469085038,-0.2723774367595852,0.13633312206873482,77.81741490072413
strict_top_02,严筛模型 2,SYS_10001 | Province: No / Year: Yes,SYS_10001,Province: No / Year: Yes,all_climate_to_baseline,所有气候变量恢复基准,2020,31,-0.18613766445953162,-0.18613766445953162,-0.30366248797487894,0.11752482351534728,34.58446736919906
strict_top_02,严筛模型 2,SYS_10001 | Province: No / Year: Yes,SYS_10001,Province: No / Year: Yes,all_climate_to_baseline,所有气候变量恢复基准,2021,31,-0.21077545298772796,-0.2107754529877279,-0.43551688916542763,0.22474143617769976,75.1116470351084
strict_top_02,严筛模型 2,SYS_10001 | Province: No / Year: Yes,SYS_10001,Province: No / Year: Yes,all_climate_to_baseline,所有气候变量恢复基准,2022,31,-0.29194597307072845,-0.29194597307072845,-0.40437687587862636,0.11243090280789794,33.42976977571596
strict_top_02,严筛模型 2,SYS_10001 | Province: No / Year: Yes,SYS_10001,Province: No / Year: Yes,all_climate_to_baseline,所有气候变量恢复基准,2023,31,-0.20682107748715584,-0.20682107748715584,-0.4658310477022441,0.25900997021508826,85.09278877555882
strict_top_02,严筛模型 2,SYS_10001 | Province: No / Year: Yes,SYS_10001,Province: No / Year: Yes,r1xday_to_baseline,仅 R1xday 恢复基准,2014,30,0.5180760436227867,0.5180760436227867,0.5180760436227867,0.0,0.0
strict_top_02,严筛模型 2,SYS_10001 | Province: No / Year: Yes,SYS_10001,Province: No / Year: Yes,r1xday_to_baseline,仅 R1xday 恢复基准,2015,30,0.4247907550324049,0.4247907550324049,0.4329800371174581,-0.008189282085053182,-0.4204470733059498
strict_top_02,严筛模型 2,SYS_10001 | Province: No / Year: Yes,SYS_10001,Province: No / Year: Yes,r1xday_to_baseline,仅 R1xday 恢复基准,2016,30,0.19947571476759338,0.19947571476759335,0.09683631943119499,0.10263939533639838,39.17835901837445
strict_top_02,严筛模型 2,SYS_10001 | Province: No / Year: Yes,SYS_10001,Province: No / Year: Yes,r1xday_to_baseline,仅 R1xday 恢复基准,2017,31,0.007435104621970694,0.007435104621970719,0.0152193459067796,-0.007784241284808879,0.7604296737424566
strict_top_02,严筛模型 2,SYS_10001 | Province: No / Year: Yes,SYS_10001,Province: No / Year: Yes,r1xday_to_baseline,仅 R1xday 恢复基准,2018,31,-0.08212787350784694,-0.08212787350784692,-0.10708352018068605,0.024955646672839137,9.867623316951574
strict_top_02,严筛模型 2,SYS_10001 | Province: No / Year: Yes,SYS_10001,Province: No / Year: Yes,r1xday_to_baseline,仅 R1xday 恢复基准,2019,31,-0.13604431469085038,-0.13604431469085038,-0.15864589964053216,0.022601584949681786,3.4715747557206407
strict_top_02,严筛模型 2,SYS_10001 | Province: No / Year: Yes,SYS_10001,Province: No / Year: Yes,r1xday_to_baseline,仅 R1xday 恢复基准,2020,31,-0.18613766445953162,-0.18613766445953162,-0.20499888072422986,0.018861216264698232,-7.779572818984382
strict_top_02,严筛模型 2,SYS_10001 | Province: No / Year: Yes,SYS_10001,Province: No / Year: Yes,r1xday_to_baseline,仅 R1xday 恢复基准,2021,31,-0.21077545298772796,-0.2107754529877279,-0.23621118967356217,0.025435736685834258,5.112593645075941
strict_top_02,严筛模型 2,SYS_10001 | Province: No / Year: Yes,SYS_10001,Province: No / Year: Yes,r1xday_to_baseline,仅 R1xday 恢复基准,2022,31,-0.29194597307072845,-0.29194597307072845,-0.29459436661589894,0.002648393545170508,-0.5546736026761565
strict_top_02,严筛模型 2,SYS_10001 | Province: No / Year: Yes,SYS_10001,Province: No / Year: Yes,r1xday_to_baseline,仅 R1xday 恢复基准,2023,31,-0.20682107748715584,-0.20682107748715584,-0.2192545424368937,0.012433464949737879,4.525509778836695
strict_top_02,严筛模型 2,SYS_10001 | Province: No / Year: Yes,SYS_10001,Province: No / Year: Yes,temperature_to_baseline,仅温度变量恢复基准,2014,30,0.5180760436227867,0.5180760436227867,0.5180760436227867,0.0,0.0
strict_top_02,严筛模型 2,SYS_10001 | Province: No / Year: Yes,SYS_10001,Province: No / Year: Yes,temperature_to_baseline,仅温度变量恢复基准,2015,30,0.4247907550324049,0.4247907550324049,0.3747310169828045,0.05005973804960037,42.13243596252955
strict_top_02,严筛模型 2,SYS_10001 | Province: No / Year: Yes,SYS_10001,Province: No / Year: Yes,temperature_to_baseline,仅温度变量恢复基准,2016,30,0.19947571476759338,0.19947571476759335,0.14683594554105558,0.052639769226537764,3.8772769586190625
strict_top_02,严筛模型 2,SYS_10001 | Province: No / Year: Yes,SYS_10001,Province: No / Year: Yes,temperature_to_baseline,仅温度变量恢复基准,2017,31,0.007435104621970694,0.007435104621970719,-0.1151878812106578,0.12262298583262851,57.39903105729863
strict_top_02,严筛模型 2,SYS_10001 | Province: No / Year: Yes,SYS_10001,Province: No / Year: Yes,temperature_to_baseline,仅温度变量恢复基准,2018,31,-0.08212787350784694,-0.08212787350784692,-0.10860749550336513,0.026479621995518194,9.096785627432405
strict_top_02,严筛模型 2,SYS_10001 | Province: No / Year: Yes,SYS_10001,Province: No / Year: Yes,temperature_to_baseline,仅温度变量恢复基准,2019,31,-0.13604431469085038,-0.13604431469085038,-0.2497758518099034,0.11373153711905301,39.13781585532783
strict_top_02,严筛模型 2,SYS_10001 | Province: No / Year: Yes,SYS_10001,Province: No / Year: Yes,temperature_to_baseline,仅温度变量恢复基准,2020,31,-0.18613766445953162,-0.18613766445953162,-0.2848012717101807,0.09866360725064904,45.645957497011565
strict_top_02,严筛模型 2,SYS_10001 | Province: No / Year: Yes,SYS_10001,Province: No / Year: Yes,temperature_to_baseline,仅温度变量恢复基准,2021,31,-0.21077545298772796,-0.2107754529877279,-0.4100811524795934,0.19930569949186547,58.1508010837533
strict_top_02,严筛模型 2,SYS_10001 | Province: No / Year: Yes,SYS_10001,Province: No / Year: Yes,temperature_to_baseline,仅温度变量恢复基准,2022,31,-0.29194597307072845,-0.29194597307072845,-0.40172848233345587,0.10978250926272745,31.723846338465382
strict_top_02,严筛模型 2,SYS_10001 | Province: No / Year: Yes,SYS_10001,Province: No / Year: Yes,temperature_to_baseline,仅温度变量恢复基准,2023,31,-0.20682107748715584,-0.20682107748715584,-0.4533975827525062,0.24657650526535035,64.13700272025402
strict_top_03,严筛模型 3,SYS_10002 | Province: No / Year: Yes,SYS_10002,Province: No / Year: Yes,all_climate_to_baseline,所有气候变量恢复基准,2014,30,0.5180760436227867,0.5180760436227867,0.5180760436227867,0.0,0.0
strict_top_03,严筛模型 3,SYS_10002 | Province: No / Year: Yes,SYS_10002,Province: No / Year: Yes,all_climate_to_baseline,所有气候变量恢复基准,2015,30,0.4247907550324049,0.4247907550324049,0.37102787850751123,0.053762876524893595,40.35648624168256
strict_top_03,严筛模型 3,SYS_10002 | Province: No / Year: Yes,SYS_10002,Province: No / Year: Yes,all_climate_to_baseline,所有气候变量恢复基准,2016,30,0.19947571476759338,0.19947571476759335,0.033868480162173475,0.1656072346054199,71.06764790767662
strict_top_03,严筛模型 3,SYS_10002 | Province: No / Year: Yes,SYS_10002,Province: No / Year: Yes,all_climate_to_baseline,所有气候变量恢复基准,2017,31,0.007435104621970694,0.0074351046219707185,-0.1362942721080488,0.1437293767300195,65.57781671700941
strict_top_03,严筛模型 3,SYS_10002 | Province: No / Year: Yes,SYS_10002,Province: No / Year: Yes,all_climate_to_baseline,所有气候变量恢复基准,2018,31,-0.08212787350784694,-0.08212787350784692,-0.13928058129773815,0.057152707789891226,25.12955669116982
strict_top_03,严筛模型 3,SYS_10002 | Province: No / Year: Yes,SYS_10002,Province: No / Year: Yes,all_climate_to_baseline,所有气候变量恢复基准,2019,31,-0.13604431469085038,-0.13604431469085038,-0.29858956533276376,0.16254525064191336,69.94776739751586
strict_top_03,严筛模型 3,SYS_10002 | Province: No / Year: Yes,SYS_10002,Province: No / Year: Yes,all_climate_to_baseline,所有气候变量恢复基准,2020,31,-0.18613766445953162,-0.18613766445953162,-0.3264164539688356,0.14027878950930397,49.31287570105111
strict_top_03,严筛模型 3,SYS_10002 | Province: No / Year: Yes,SYS_10002,Province: No / Year: Yes,all_climate_to_baseline,所有气候变量恢复基准,2021,31,-0.21077545298772796,-0.21077545298772793,-0.481728966182167,0.27095351319443906,69.93271309758526
strict_top_03,严筛模型 3,SYS_10002 | Province: No / Year: Yes,SYS_10002,Province: No / Year: Yes,all_climate_to_baseline,所有气候变量恢复基准,2022,31,-0.29194597307072845,-0.29194597307072845,-0.4300539999693314,0.138108026898603,32.80337834383359
strict_top_03,严筛模型 3,SYS_10002 | Province: No / Year: Yes,SYS_10002,Province: No / Year: Yes,all_climate_to_baseline,所有气候变量恢复基准,2023,31,-0.20682107748715584,-0.20682107748715584,-0.5233761172375824,0.31655503975042654,73.31909779431217
strict_top_03,严筛模型 3,SYS_10002 | Province: No / Year: Yes,SYS_10002,Province: No / Year: Yes,r1xday_to_baseline,仅 R1xday 恢复基准,2014,30,0.5180760436227867,0.5180760436227867,0.5180760436227867,0.0,0.0
strict_top_03,严筛模型 3,SYS_10002 | Province: No / Year: Yes,SYS_10002,Province: No / Year: Yes,r1xday_to_baseline,仅 R1xday 恢复基准,2015,30,0.4247907550324049,0.4247907550324049,0.432819765693465,-0.008029010661060109,0.6073573870601988
strict_top_03,严筛模型 3,SYS_10002 | Province: No / Year: Yes,SYS_10002,Province: No / Year: Yes,r1xday_to_baseline,仅 R1xday 恢复基准,2016,30,0.19947571476759338,0.19947571476759335,0.09884506230724978,0.10063065246034358,46.647703708736614
strict_top_03,严筛模型 3,SYS_10002 | Province: No / Year: Yes,SYS_10002,Province: No / Year: Yes,r1xday_to_baseline,仅 R1xday 恢复基准,2017,31,0.007435104621970694,0.0074351046219707185,0.015067001486052037,-0.007631896864081323,1.1351821631717032
strict_top_03,严筛模型 3,SYS_10002 | Province: No / Year: Yes,SYS_10002,Province: No / Year: Yes,r1xday_to_baseline,仅 R1xday 恢复基准,2018,31,-0.08212787350784694,-0.08212787350784692,-0.1065951163148302,0.024467242806983255,-12.464183274332012
strict_top_03,严筛模型 3,SYS_10002 | Province: No / Year: Yes,SYS_10002,Province: No / Year: Yes,r1xday_to_baseline,仅 R1xday 恢复基准,2019,31,-0.13604431469085038,-0.13604431469085038,-0.15820356682469258,0.02215925213384222,1.5481642110427742
strict_top_03,严筛模型 3,SYS_10002 | Province: No / Year: Yes,SYS_10002,Province: No / Year: Yes,r1xday_to_baseline,仅 R1xday 恢复基准,2020,31,-0.18613766445953162,-0.18613766445953162,-0.20462975020001672,0.01849208574048512,19.553985746978114
strict_top_03,严筛模型 3,SYS_10002 | Province: No / Year: Yes,SYS_10002,Province: No / Year: Yes,r1xday_to_baseline,仅 R1xday 恢复基准,2021,31,-0.21077545298772796,-0.21077545298772793,-0.23571339002560618,0.024937937037878263,22.760765432801865
strict_top_03,严筛模型 3,SYS_10002 | Province: No / Year: Yes,SYS_10002,Province: No / Year: Yes,r1xday_to_baseline,仅 R1xday 恢复基准,2022,31,-0.29194597307072845,-0.29194597307072845,-0.2945425352342992,0.0025965621635707244,1.562018070019649
strict_top_03,严筛模型 3,SYS_10002 | Province: No / Year: Yes,SYS_10002,Province: No / Year: Yes,r1xday_to_baseline,仅 R1xday 恢复基准,2023,31,-0.20682107748715584,-0.20682107748715584,-0.21901120863644988,0.012190131149294051,7.344282021911784
strict_top_03,严筛模型 3,SYS_10002 | Province: No / Year: Yes,SYS_10002,Province: No / Year: Yes,temperature_to_baseline,仅温度变量恢复基准,2014,30,0.5180760436227867,0.5180760436227867,0.5180760436227867,0.0,0.0
strict_top_03,严筛模型 3,SYS_10002 | Province: No / Year: Yes,SYS_10002,Province: No / Year: Yes,temperature_to_baseline,仅温度变量恢复基准,2015,30,0.4247907550324049,0.4247907550324049,0.36299886784645113,0.0617918871859537,43.89114272122037
strict_top_03,严筛模型 3,SYS_10002 | Province: No / Year: Yes,SYS_10002,Province: No / Year: Yes,temperature_to_baseline,仅温度变量恢复基准,2016,30,0.19947571476759338,0.19947571476759335,0.1344991326225171,0.06497658214507628,20.995379511883122
strict_top_03,严筛模型 3,SYS_10002 | Province: No / Year: Yes,SYS_10002,Province: No / Year: Yes,temperature_to_baseline,仅温度变量恢复基准,2017,31,0.007435104621970694,0.0074351046219707185,-0.14392616897213012,0.15136127359410081,76.06413905878973
strict_top_03,严筛模型 3,SYS_10002 | Province: No / Year: Yes,SYS_10002,Province: No / Year: Yes,temperature_to_baseline,仅温度变量恢复基准,2018,31,-0.08212787350784694,-0.08212787350784692,-0.11481333849075488,0.032685464982907954,7.163224020448984
strict_top_03,严筛模型 3,SYS_10002 | Province: No / Year: Yes,SYS_10002,Province: No / Year: Yes,temperature_to_baseline,仅温度变量恢复基准,2019,31,-0.13604431469085038,-0.13604431469085038,-0.2764303131989216,0.14038599850807115,49.202812892678764
strict_top_03,严筛模型 3,SYS_10002 | Province: No / Year: Yes,SYS_10002,Province: No / Year: Yes,temperature_to_baseline,仅温度变量恢复基准,2020,31,-0.18613766445953162,-0.18613766445953162,-0.3079243682283505,0.12178670376881887,40.53506904814967
strict_top_03,严筛模型 3,SYS_10002 | Province: No / Year: Yes,SYS_10002,Province: No / Year: Yes,temperature_to_baseline,仅温度变量恢复基准,2021,31,-0.21077545298772796,-0.21077545298772793,-0.45679102914428865,0.24601557615656078,62.78463550312879
strict_top_03,严筛模型 3,SYS_10002 | Province: No / Year: Yes,SYS_10002,Province: No / Year: Yes,temperature_to_baseline,仅温度变量恢复基准,2022,31,-0.29194597307072845,-0.29194597307072845,-0.4274574378057607,0.13551146473503223,32.802180710779346
strict_top_03,严筛模型 3,SYS_10002 | Province: No / Year: Yes,SYS_10002,Province: No / Year: Yes,temperature_to_baseline,仅温度变量恢复基准,2023,31,-0.20682107748715584,-0.20682107748715584,-0.5111859860882884,0.30436490860113247,76.58391391957439
strict_top_04,严筛模型 4,SYS_09941 | Province: No / Year: Yes,SYS_09941,Province: No / Year: Yes,all_climate_to_baseline,所有气候变量恢复基准,2014,30,0.5180760436227867,0.5180760436227867,0.5180760436227867,0.0,0.0
strict_top_04,严筛模型 4,SYS_09941 | Province: No / Year: Yes,SYS_09941,Province: No / Year: Yes,all_climate_to_baseline,所有气候变量恢复基准,2015,30,0.4247907550324049,0.4247907550324049,0.37759168286214406,0.04719907217026083,18.10815480812152
strict_top_04,严筛模型 4,SYS_09941 | Province: No / Year: Yes,SYS_09941,Province: No / Year: Yes,all_climate_to_baseline,所有气候变量恢复基准,2016,30,0.19947571476759338,0.19947571476759338,0.03149356818637356,0.16798214658121982,69.8810052913947
strict_top_04,严筛模型 4,SYS_09941 | Province: No / Year: Yes,SYS_09941,Province: No / Year: Yes,all_climate_to_baseline,所有气候变量恢复基准,2017,31,0.007435104621970694,0.007435104621970696,-0.12100220819658279,0.1284373128185535,89.15520851596183
strict_top_04,严筛模型 4,SYS_09941 | Province: No / Year: Yes,SYS_09941,Province: No / Year: Yes,all_climate_to_baseline,所有气候变量恢复基准,2018,31,-0.08212787350784694,-0.08212787350784692,-0.1382677454674334,0.05613987195958646,49.329109304549085
strict_top_04,严筛模型 4,SYS_09941 | Province: No / Year: Yes,SYS_09941,Province: No / Year: Yes,all_climate_to_baseline,所有气候变量恢复基准,2019,31,-0.13604431469085038,-0.13604431469085038,-0.28675741139034144,0.15071309669949104,72.79831251572014
strict_top_04,严筛模型 4,SYS_09941 | Province: No / Year: Yes,SYS_09941,Province: No / Year: Yes,all_climate_to_baseline,所有气候变量恢复基准,2020,31,-0.18613766445953162,-0.1861376644595316,-0.3162981016854449,0.13016043722591328,54.01008751096225
strict_top_04,严筛模型 4,SYS_09941 | Province: No / Year: Yes,SYS_09941,Province: No / Year: Yes,all_climate_to_baseline,所有气候变量恢复基准,2021,31,-0.21077545298772796,-0.21077545298772793,-0.4601225648619867,0.24934711187425876,76.11752935953758
strict_top_04,严筛模型 4,SYS_09941 | Province: No / Year: Yes,SYS_09941,Province: No / Year: Yes,all_climate_to_baseline,所有气候变量恢复基准,2022,31,-0.29194597307072845,-0.29194597307072845,-0.4170844993680979,0.1251385262973694,29.506913691693985
strict_top_04,严筛模型 4,SYS_09941 | Province: No / Year: Yes,SYS_09941,Province: No / Year: Yes,all_climate_to_baseline,所有气候变量恢复基准,2023,31,-0.20682107748715584,-0.20682107748715584,-0.4947432966114286,0.28792221912427274,78.17811629820548
strict_top_04,严筛模型 4,SYS_09941 | Province: No / Year: Yes,SYS_09941,Province: No / Year: Yes,r1xday_plus_temperature_to_baseline,R1xday + 温度变量共同恢复基准,2014,30,0.5180760436227867,0.5180760436227867,0.5180760436227867,0.0,0.0
strict_top_04,严筛模型 4,SYS_09941 | Province: No / Year: Yes,SYS_09941,Province: No / Year: Yes,r1xday_plus_temperature_to_baseline,R1xday + 温度变量共同恢复基准,2015,30,0.4247907550324049,0.4247907550324049,0.37771871017185593,0.04707204486054895,18.05645258654586
strict_top_04,严筛模型 4,SYS_09941 | Province: No / Year: Yes,SYS_09941,Province: No / Year: Yes,r1xday_plus_temperature_to_baseline,R1xday + 温度变量共同恢复基准,2016,30,0.19947571476759338,0.19947571476759338,0.03191798656602537,0.167557728201568,70.03030123636856
strict_top_04,严筛模型 4,SYS_09941 | Province: No / Year: Yes,SYS_09941,Province: No / Year: Yes,r1xday_plus_temperature_to_baseline,R1xday + 温度变量共同恢复基准,2017,31,0.007435104621970694,0.007435104621970696,-0.12089641352298462,0.12833151814495533,89.02650036858718
strict_top_04,严筛模型 4,SYS_09941 | Province: No / Year: Yes,SYS_09941,Province: No / Year: Yes,r1xday_plus_temperature_to_baseline,R1xday + 温度变量共同恢复基准,2018,31,-0.08212787350784694,-0.08212787350784692,-0.13810705976599585,0.05597918625814893,49.221162320291555
strict_top_04,严筛模型 4,SYS_09941 | Province: No / Year: Yes,SYS_09941,Province: No / Year: Yes,r1xday_plus_temperature_to_baseline,R1xday + 温度变量共同恢复基准,2019,31,-0.13604431469085038,-0.13604431469085038,-0.28671700435090375,0.1506726896600534,72.80396651705145
strict_top_04,严筛模型 4,SYS_09941 | Province: No / Year: Yes,SYS_09941,Province: No / Year: Yes,r1xday_plus_temperature_to_baseline,R1xday + 温度变量共同恢复基准,2020,31,-0.18613766445953162,-0.1861376644595316,-0.3160565969852341,0.12991893252570247,54.20130645899047
strict_top_04,严筛模型 4,SYS_09941 | Province: No / Year: Yes,SYS_09941,Province: No / Year: Yes,r1xday_plus_temperature_to_baseline,R1xday + 温度变量共同恢复基准,2021,31,-0.21077545298772796,-0.21077545298772793,-0.4597785121172955,0.24900305912956758,76.2241260493317
strict_top_04,严筛模型 4,SYS_09941 | Province: No / Year: Yes,SYS_09941,Province: No / Year: Yes,r1xday_plus_temperature_to_baseline,R1xday + 温度变量共同恢复基准,2022,31,-0.29194597307072845,-0.29194597307072845,-0.417045373725806,0.12509940065507758,29.477779940306608
strict_top_04,严筛模型 4,SYS_09941 | Province: No / Year: Yes,SYS_09941,Province: No / Year: Yes,r1xday_plus_temperature_to_baseline,R1xday + 温度变量共同恢复基准,2023,31,-0.20682107748715584,-0.20682107748715584,-0.49468197492093063,0.2878608974337748,78.27201909063868
strict_top_04,严筛模型 4,SYS_09941 | Province: No / Year: Yes,SYS_09941,Province: No / Year: Yes,r1xday_to_baseline,仅 R1xday 恢复基准,2014,30,0.5180760436227867,0.5180760436227867,0.5180760436227867,0.0,0.0
strict_top_04,严筛模型 4,SYS_09941 | Province: No / Year: Yes,SYS_09941,Province: No / Year: Yes,r1xday_to_baseline,仅 R1xday 恢复基准,2015,30,0.4247907550324049,0.4247907550324049,0.43348124651816977,-0.008690491485764906,2.3415620484599886
strict_top_04,严筛模型 4,SYS_09941 | Province: No / Year: Yes,SYS_09941,Province: No / Year: Yes,r1xday_to_baseline,仅 R1xday 恢复基准,2016,30,0.19947571476759338,0.19947571476759338,0.09055447087698988,0.10892124389060351,56.32257913893946
strict_top_04,严筛模型 4,SYS_09941 | Province: No / Year: Yes,SYS_09941,Province: No / Year: Yes,r1xday_to_baseline,仅 R1xday 恢复基准,2017,31,0.007435104621970694,0.007435104621970696,0.01569576555734644,-0.008260660935375745,-0.2580052245822428
strict_top_04,严筛模型 4,SYS_09941 | Province: No / Year: Yes,SYS_09941,Province: No / Year: Yes,r1xday_to_baseline,仅 R1xday 恢复基准,2018,31,-0.08212787350784694,-0.08212787350784692,-0.1086108829682125,0.02648300946036557,7.760459143009733
strict_top_04,严筛模型 4,SYS_09941 | Province: No / Year: Yes,SYS_09941,Province: No / Year: Yes,r1xday_to_baseline,仅 R1xday 恢复基准,2019,31,-0.13604431469085038,-0.13604431469085038,-0.16002918656728743,0.02398487187643704,8.102423546503646
strict_top_04,严筛模型 4,SYS_09941 | Province: No / Year: Yes,SYS_09941,Province: No / Year: Yes,r1xday_to_baseline,仅 R1xday 恢复基准,2020,31,-0.18613766445953162,-0.1861376644595316,-0.2061532455150065,0.020015581055474897,13.618011156194763
strict_top_04,严筛模型 4,SYS_09941 | Province: No / Year: Yes,SYS_09941,Province: No / Year: Yes,r1xday_to_baseline,仅 R1xday 恢复基准,2021,31,-0.21077545298772796,-0.21077545298772793,-0.2377679354552512,0.0269924824675233,15.339449029104374
strict_top_04,严筛模型 4,SYS_09941 | Province: No / Year: Yes,SYS_09941,Province: No / Year: Yes,r1xday_to_baseline,仅 R1xday 恢复基准,2022,31,-0.29194597307072845,-0.29194597307072845,-0.29475645649482085,0.0028104834240924277,3.623424963829904
strict_top_04,严筛模型 4,SYS_09941 | Province: No / Year: Yes,SYS_09941,Province: No / Year: Yes,r1xday_to_baseline,仅 R1xday 恢复基准,2023,31,-0.20682107748715584,-0.20682107748715584,-0.22001550896015007,0.013194431472994227,-4.467191142704257
strict_top_04,严筛模型 4,SYS_09941 | Province: No / Year: Yes,SYS_09941,Province: No / Year: Yes,temperature_to_baseline,仅温度变量恢复基准,2014,30,0.5180760436227867,0.5180760436227867,0.5180760436227867,0.0,0.0
strict_top_04,严筛模型 4,SYS_09941 | Province: No / Year: Yes,SYS_09941,Province: No / Year: Yes,temperature_to_baseline,仅温度变量恢复基准,2015,30,0.4247907550324049,0.4247907550324049,0.369028218686091,0.05576253634631388,30.729395528660845
strict_top_04,严筛模型 4,SYS_09941 | Province: No / Year: Yes,SYS_09941,Province: No / Year: Yes,temperature_to_baseline,仅温度变量恢复基准,2016,30,0.19947571476759338,0.19947571476759338,0.14083923045662888,0.05863648431096453,22.505297735159882
strict_top_04,严筛模型 4,SYS_09941 | Province: No / Year: Yes,SYS_09941,Province: No / Year: Yes,temperature_to_baseline,仅温度变量恢复基准,2017,31,0.007435104621970694,0.007435104621970696,-0.12915707445836036,0.13659217908033106,69.93163985698958
strict_top_04,严筛模型 4,SYS_09941 | Province: No / Year: Yes,SYS_09941,Province: No / Year: Yes,temperature_to_baseline,仅温度变量恢复基准,2018,31,-0.08212787350784694,-0.08212787350784692,-0.11162405030563029,0.029496176797783363,18.098851993993986
strict_top_04,严筛模型 4,SYS_09941 | Province: No / Year: Yes,SYS_09941,Province: No / Year: Yes,temperature_to_baseline,仅温度变量恢复基准,2019,31,-0.13604431469085038,-0.13604431469085038,-0.2627321324744667,0.12668781778361635,44.07996757087135
strict_top_04,严筛模型 4,SYS_09941 | Province: No / Year: Yes,SYS_09941,Province: No / Year: Yes,temperature_to_baseline,仅温度变量恢复基准,2020,31,-0.18613766445953162,-0.1861376644595316,-0.2960410159297592,0.10990335147022755,48.58178584746949
strict_top_04,严筛模型 4,SYS_09941 | Province: No / Year: Yes,SYS_09941,Province: No / Year: Yes,temperature_to_baseline,仅温度变量恢复基准,2021,31,-0.21077545298772796,-0.21077545298772793,-0.4327860296497722,0.22201057666204427,68.01230767375993
strict_top_04,严筛模型 4,SYS_09941 | Province: No / Year: Yes,SYS_09941,Province: No / Year: Yes,temperature_to_baseline,仅温度变量恢复基准,2022,31,-0.29194597307072845,-0.29194597307072845,-0.4142348903017136,0.12228891723098517,24.21131068305592
strict_top_04,严筛模型 4,SYS_09941 | Province: No / Year: Yes,SYS_09941,Province: No / Year: Yes,temperature_to_baseline,仅温度变量恢复基准,2023,31,-0.20682107748715584,-0.20682107748715584,-0.48148754344793643,0.27466646596078054,82.12649768314515
strict_top_05,严筛模型 5,SYS_09926 | Province: No / Year: Yes,SYS_09926,Province: No / Year: Yes,all_climate_to_baseline,所有气候变量恢复基准,2014,30,0.5180760436227867,0.5180760436227867,0.5180760436227867,0.0,0.0
strict_top_05,严筛模型 5,SYS_09926 | Province: No / Year: Yes,SYS_09926,Province: No / Year: Yes,all_climate_to_baseline,所有气候变量恢复基准,2015,30,0.4247907550324049,0.42479075503240493,0.37776705791771054,0.047023697114694334,18.060280221026616
strict_top_05,严筛模型 5,SYS_09926 | Province: No / Year: Yes,SYS_09926,Province: No / Year: Yes,all_climate_to_baseline,所有气候变量恢复基准,2016,30,0.19947571476759338,0.19947571476759338,0.03187829216536585,0.16759742260222754,69.76470398386734
strict_top_05,严筛模型 5,SYS_09926 | Province: No / Year: Yes,SYS_09926,Province: No / Year: Yes,all_climate_to_baseline,所有气候变量恢复基准,2017,31,0.007435104621970694,0.0074351046219707055,-0.120787973853007,0.12822307847497771,88.9502260000604
strict_top_05,严筛模型 5,SYS_09926 | Province: No / Year: Yes,SYS_09926,Province: No / Year: Yes,all_climate_to_baseline,所有气候变量恢复基准,2018,31,-0.08212787350784694,-0.08212787350784694,-0.1381053193458292,0.05597744583798226,49.41237754910593
strict_top_05,严筛模型 5,SYS_09926 | Province: No / Year: Yes,SYS_09926,Province: No / Year: Yes,all_climate_to_baseline,所有气候变量恢复基准,2019,31,-0.13604431469085038,-0.13604431469085038,-0.28664069582310203,0.15059638113225163,72.71581065911631
strict_top_05,严筛模型 5,SYS_09926 | Province: No / Year: Yes,SYS_09926,Province: No / Year: Yes,all_climate_to_baseline,所有气候变量恢复基准,2020,31,-0.18613766445953162,-0.18613766445953162,-0.3159897912851444,0.12985212682561276,54.11755764215538
strict_top_05,严筛模型 5,SYS_09926 | Province: No / Year: Yes,SYS_09926,Province: No / Year: Yes,all_climate_to_baseline,所有气候变量恢复基准,2021,31,-0.21077545298772796,-0.2107754529877279,-0.4596332545820641,0.24885780159433618,76.18144396240119
strict_top_05,严筛模型 5,SYS_09926 | Province: No / Year: Yes,SYS_09926,Province: No / Year: Yes,all_climate_to_baseline,所有气候变量恢复基准,2022,31,-0.29194597307072845,-0.29194597307072845,-0.41695611588732207,0.12501014281659364,29.467242061897693
strict_top_05,严筛模型 5,SYS_09926 | Province: No / Year: Yes,SYS_09926,Province: No / Year: Yes,all_climate_to_baseline,所有气候变量恢复基准,2023,31,-0.20682107748715584,-0.20682107748715584,-0.49448677518339895,0.2876656976962431,78.24542993218368
strict_top_05,严筛模型 5,SYS_09926 | Province: No / Year: Yes,SYS_09926,Province: No / Year: Yes,r1xday_to_baseline,仅 R1xday 恢复基准,2014,30,0.5180760436227867,0.5180760436227867,0.5180760436227867,0.0,0.0
strict_top_05,严筛模型 5,SYS_09926 | Province: No / Year: Yes,SYS_09926,Province: No / Year: Yes,r1xday_to_baseline,仅 R1xday 恢复基准,2015,30,0.4247907550324049,0.42479075503240493,0.43348791081509735,-0.008697155782692442,2.342654204313113
strict_top_05,严筛模型 5,SYS_09926 | Province: No / Year: Yes,SYS_09926,Province: No / Year: Yes,r1xday_to_baseline,仅 R1xday 恢复基准,2016,30,0.19947571476759338,0.19947571476759338,0.09047094470218256,0.10900477006541082,56.27806094637004
strict_top_05,严筛模型 5,SYS_09926 | Province: No / Year: Yes,SYS_09926,Province: No / Year: Yes,r1xday_to_baseline,仅 R1xday 恢复基准,2017,31,0.007435104621970694,0.0074351046219707055,0.015702100239036315,-0.008266995617065611,-0.26592299697883537
strict_top_05,严筛模型 5,SYS_09926 | Province: No / Year: Yes,SYS_09926,Province: No / Year: Yes,r1xday_to_baseline,仅 R1xday 恢复基准,2018,31,-0.08212787350784694,-0.08212787350784694,-0.10863119144430586,0.02650331793645891,7.870577908608169
strict_top_05,严筛模型 5,SYS_09926 | Province: No / Year: Yes,SYS_09926,Province: No / Year: Yes,r1xday_to_baseline,仅 R1xday 恢复基准,2019,31,-0.13604431469085038,-0.13604431469085038,-0.1600475793484339,0.02400326465758352,8.104093653458085
strict_top_05,严筛模型 5,SYS_09926 | Province: No / Year: Yes,SYS_09926,Province: No / Year: Yes,r1xday_to_baseline,仅 R1xday 恢复基准,2020,31,-0.18613766445953162,-0.18613766445953162,-0.2061685944484413,0.020030929988909672,13.623927463854647
strict_top_05,严筛模型 5,SYS_09926 | Province: No / Year: Yes,SYS_09926,Province: No / Year: Yes,r1xday_to_baseline,仅 R1xday 恢复基准,2021,31,-0.21077545298772796,-0.2107754529877279,-0.2377886346203409,0.02701318163261297,15.06915408587036
strict_top_05,严筛模型 5,SYS_09926 | Province: No / Year: Yes,SYS_09926,Province: No / Year: Yes,r1xday_to_baseline,仅 R1xday 恢复基准,2022,31,-0.29194597307072845,-0.29194597307072845,-0.2947586117119428,0.0028126386412143352,3.573251088797265
strict_top_05,严筛模型 5,SYS_09926 | Province: No / Year: Yes,SYS_09926,Province: No / Year: Yes,r1xday_to_baseline,仅 R1xday 恢复基准,2023,31,-0.20682107748715584,-0.20682107748715584,-0.22002562710010445,0.013204549612948629,-4.599453605298128
strict_top_05,严筛模型 5,SYS_09926 | Province: No / Year: Yes,SYS_09926,Province: No / Year: Yes,temperature_to_baseline,仅温度变量恢复基准,2014,30,0.5180760436227867,0.5180760436227867,0.5180760436227867,0.0,0.0
strict_top_05,严筛模型 5,SYS_09926 | Province: No / Year: Yes,SYS_09926,Province: No / Year: Yes,temperature_to_baseline,仅温度变量恢复基准,2015,30,0.4247907550324049,0.42479075503240493,0.3690699021350181,0.055720852897386756,30.681199464306886
strict_top_05,严筛模型 5,SYS_09926 | Province: No / Year: Yes,SYS_09926,Province: No / Year: Yes,temperature_to_baseline,仅温度变量恢复基准,2016,30,0.19947571476759338,0.19947571476759338,0.14088306223077665,0.05859265253681672,22.477584535487377
strict_top_05,严筛模型 5,SYS_09926 | Province: No / Year: Yes,SYS_09926,Province: No / Year: Yes,temperature_to_baseline,仅温度变量恢复基准,2017,31,0.007435104621970694,0.0074351046219707055,-0.1290549694700726,0.1364900740920433,69.89841529606153
strict_top_05,严筛模型 5,SYS_09926 | Province: No / Year: Yes,SYS_09926,Province: No / Year: Yes,temperature_to_baseline,仅温度变量恢复基准,2018,31,-0.08212787350784694,-0.08212787350784694,-0.1116020014093703,0.029474127901523345,18.090400702627512
strict_top_05,严筛模型 5,SYS_09926 | Province: No / Year: Yes,SYS_09926,Province: No / Year: Yes,temperature_to_baseline,仅温度变量恢复基准,2019,31,-0.13604431469085038,-0.13604431469085038,-0.2626374311655185,0.12659311647466814,44.06360718029249
strict_top_05,严筛模型 5,SYS_09926 | Province: No / Year: Yes,SYS_09926,Province: No / Year: Yes,temperature_to_baseline,仅温度变量恢复基准,2020,31,-0.18613766445953162,-0.18613766445953162,-0.2959588612962347,0.10982119683670309,48.573412886960895
strict_top_05,严筛模型 5,SYS_09926 | Province: No / Year: Yes,SYS_09926,Province: No / Year: Yes,temperature_to_baseline,仅温度变量恢复基准,2021,31,-0.21077545298772796,-0.2107754529877279,-0.4326200729494511,0.2218446199617232,68.07127590520324
strict_top_05,严筛模型 5,SYS_09926 | Province: No / Year: Yes,SYS_09926,Province: No / Year: Yes,temperature_to_baseline,仅温度变量恢复基准,2022,31,-0.29194597307072845,-0.29194597307072845,-0.4141434772461078,0.1221975041753793,24.23449747260869
strict_top_05,严筛模型 5,SYS_09926 | Province: No / Year: Yes,SYS_09926,Province: No / Year: Yes,temperature_to_baseline,仅温度变量恢复基准,2023,31,-0.20682107748715584,-0.20682107748715584,-0.4812822255704503,0.27446114808329447,82.17236719333553
strict_top_06,严筛模型 6,SYS_09927 | Province: No / Year: Yes,SYS_09927,Province: No / Year: Yes,all_climate_to_baseline,所有气候变量恢复基准,2014,30,0.5180760436227867,0.5180760436227867,0.5180760436227867,0.0,0.0
strict_top_06,严筛模型 6,SYS_09927 | Province: No / Year: Yes,SYS_09927,Province: No / Year: Yes,all_climate_to_baseline,所有气候变量恢复基准,2015,30,0.4247907550324049,0.4247907550324049,0.36554326997121867,0.0592474850611862,39.60104310493044
strict_top_06,严筛模型 6,SYS_09927 | Province: No / Year: Yes,SYS_09927,Province: No / Year: Yes,all_climate_to_baseline,所有气候变量恢复基准,2016,30,0.19947571476759338,0.19947571476759335,0.019340500983415252,0.18013521378417813,98.07765980595327
strict_top_06,严筛模型 6,SYS_09927 | Province: No / Year: Yes,SYS_09927,Province: No / Year: Yes,all_climate_to_baseline,所有气候变量恢复基准,2017,31,0.007435104621970694,0.007435104621970708,-0.15069567904836592,0.15813078367033664,101.41646661002265
strict_top_06,严筛模型 6,SYS_09927 | Province: No / Year: Yes,SYS_09927,Province: No / Year: Yes,all_climate_to_baseline,所有气候变量恢复基准,2018,31,-0.08212787350784694,-0.08212787350784691,-0.14448803107707675,0.062360157569229836,20.277678098658004
strict_top_06,严筛模型 6,SYS_09927 | Province: No / Year: Yes,SYS_09927,Province: No / Year: Yes,all_climate_to_baseline,所有气候变量恢复基准,2019,31,-0.13604431469085038,-0.13604431469085035,-0.314295074308102,0.17825075961725165,81.69012545082776
strict_top_06,严筛模型 6,SYS_09927 | Province: No / Year: Yes,SYS_09927,Province: No / Year: Yes,all_climate_to_baseline,所有气候变量恢复基准,2020,31,-0.18613766445953162,-0.18613766445953162,-0.3399824478932555,0.15384478343372385,56.98800082478976
strict_top_06,严筛模型 6,SYS_09927 | Province: No / Year: Yes,SYS_09927,Province: No / Year: Yes,all_climate_to_baseline,所有气候变量恢复基准,2021,31,-0.21077545298772796,-0.2107754529877279,-0.5081356622881338,0.29736020930040585,67.97359599572198
strict_top_06,严筛模型 6,SYS_09927 | Province: No / Year: Yes,SYS_09927,Province: No / Year: Yes,all_climate_to_baseline,所有气候变量恢复基准,2022,31,-0.29194597307072845,-0.29194597307072845,-0.4437047153595966,0.15175874228886815,39.53657456046407
strict_top_06,严筛模型 6,SYS_09927 | Province: No / Year: Yes,SYS_09927,Province: No / Year: Yes,all_climate_to_baseline,所有气候变量恢复基准,2023,31,-0.20682107748715584,-0.20682107748715584,-0.5545469249936443,0.34772584750648844,73.57750575057965
strict_top_06,严筛模型 6,SYS_09927 | Province: No / Year: Yes,SYS_09927,Province: No / Year: Yes,r1xday_to_baseline,仅 R1xday 恢复基准,2014,30,0.5180760436227867,0.5180760436227867,0.5180760436227867,0.0,0.0
strict_top_06,严筛模型 6,SYS_09927 | Province: No / Year: Yes,SYS_09927,Province: No / Year: Yes,r1xday_to_baseline,仅 R1xday 恢复基准,2015,30,0.4247907550324049,0.4247907550324049,0.4334646497923497,-0.008673894759944827,0.5745858628947497
strict_top_06,严筛模型 6,SYS_09927 | Province: No / Year: Yes,SYS_09927,Province: No / Year: Yes,r1xday_to_baseline,仅 R1xday 恢复基准,2016,30,0.19947571476759338,0.19947571476759335,0.09076248397081722,0.10871323079677617,50.79169398287535
strict_top_06,严筛模型 6,SYS_09927 | Province: No / Year: Yes,SYS_09927,Province: No / Year: Yes,r1xday_to_baseline,仅 R1xday 恢复基准,2017,31,0.007435104621970694,0.007435104621970708,0.01567998970337299,-0.008244885081402276,-29.35357718381283
strict_top_06,严筛模型 6,SYS_09927 | Province: No / Year: Yes,SYS_09927,Province: No / Year: Yes,r1xday_to_baseline,仅 R1xday 恢复基准,2018,31,-0.08212787350784694,-0.08212787350784691,-0.10856030685895281,0.026432433351105903,-1.4818344379535133
strict_top_06,严筛模型 6,SYS_09927 | Province: No / Year: Yes,SYS_09927,Province: No / Year: Yes,r1xday_to_baseline,仅 R1xday 恢复基准,2019,31,-0.13604431469085038,-0.13604431469085035,-0.15998338129344128,0.02393906660259091,5.469141786069384
strict_top_06,严筛模型 6,SYS_09927 | Province: No / Year: Yes,SYS_09927,Province: No / Year: Yes,r1xday_to_baseline,仅 R1xday 恢复基准,2020,31,-0.18613766445953162,-0.18613766445953162,-0.20611502062157538,0.019977356162043783,4.341395442944475
strict_top_06,严筛模型 6,SYS_09927 | Province: No / Year: Yes,SYS_09927,Province: No / Year: Yes,r1xday_to_baseline,仅 R1xday 恢复基准,2021,31,-0.21077545298772796,-0.2107754529877279,-0.23771638637641593,0.026940933388688033,32.01437223861632
strict_top_06,严筛模型 6,SYS_09927 | Province: No / Year: Yes,SYS_09927,Province: No / Year: Yes,r1xday_to_baseline,仅 R1xday 恢复基准,2022,31,-0.29194597307072845,-0.29194597307072845,-0.29475108915479326,0.002805116084064765,-0.5335380036842217
strict_top_06,严筛模型 6,SYS_09927 | Province: No / Year: Yes,SYS_09927,Province: No / Year: Yes,r1xday_to_baseline,仅 R1xday 恢复基准,2023,31,-0.20682107748715584,-0.20682107748715584,-0.21999031080399656,0.0131692333168407,-14.327191936644912
strict_top_06,严筛模型 6,SYS_09927 | Province: No / Year: Yes,SYS_09927,Province: No / Year: Yes,temperature_to_baseline,仅温度变量恢复基准,2014,30,0.5180760436227867,0.5180760436227867,0.5180760436227867,0.0,0.0
strict_top_06,严筛模型 6,SYS_09927 | Province: No / Year: Yes,SYS_09927,Province: No / Year: Yes,temperature_to_baseline,仅温度变量恢复基准,2015,30,0.4247907550324049,0.4247907550324049,0.3568693752112738,0.06792137982113104,61.903388797824526
strict_top_06,严筛模型 6,SYS_09927 | Province: No / Year: Yes,SYS_09927,Province: No / Year: Yes,temperature_to_baseline,仅温度变量恢复基准,2016,30,0.19947571476759338,0.19947571476759335,0.12805373178019142,0.07142198298740196,30.571140038306748
strict_top_06,严筛模型 6,SYS_09927 | Province: No / Year: Yes,SYS_09927,Province: No / Year: Yes,temperature_to_baseline,仅温度变量恢复基准,2017,31,0.007435104621970694,0.007435104621970708,-0.1589405641297682,0.16637566875173893,83.74821024019424
strict_top_06,严筛模型 6,SYS_09927 | Province: No / Year: Yes,SYS_09927,Province: No / Year: Yes,temperature_to_baseline,仅温度变量恢复基准,2018,31,-0.08212787350784694,-0.08212787350784691,-0.11805559772597084,0.035927724218123916,3.6638550873858886
strict_top_06,严筛模型 6,SYS_09927 | Province: No / Year: Yes,SYS_09927,Province: No / Year: Yes,temperature_to_baseline,仅温度变量恢复基准,2019,31,-0.13604431469085038,-0.13604431469085035,-0.2903560077055111,0.15431169301466072,59.47153123990075
strict_top_06,严筛模型 6,SYS_09927 | Province: No / Year: Yes,SYS_09927,Province: No / Year: Yes,temperature_to_baseline,仅温度变量恢复基准,2020,31,-0.18613766445953162,-0.18613766445953162,-0.32000509173121167,0.13386742727168002,54.99243016051719
strict_top_06,严筛模型 6,SYS_09927 | Province: No / Year: Yes,SYS_09927,Province: No / Year: Yes,temperature_to_baseline,仅温度变量恢复基准,2021,31,-0.21077545298772796,-0.2107754529877279,-0.48119472889944576,0.2704192759117178,72.5784763057578
strict_top_06,严筛模型 6,SYS_09927 | Province: No / Year: Yes,SYS_09927,Province: No / Year: Yes,temperature_to_baseline,仅温度变量恢复基准,2022,31,-0.29194597307072845,-0.29194597307072845,-0.44089959927553185,0.1489536262048034,35.25297774077972
strict_top_06,严筛模型 6,SYS_09927 | Province: No / Year: Yes,SYS_09927,Province: No / Year: Yes,temperature_to_baseline,仅温度变量恢复基准,2023,31,-0.20682107748715584,-0.20682107748715584,-0.5413776916768036,0.3345566141896477,65.10282078970359
strict_top_07,严筛模型 7,SYS_09791 | Province: No / Year: Yes,SYS_09791,Province: No / Year: Yes,all_climate_to_baseline,所有气候变量恢复基准,2014,30,0.5180760436227867,0.5180760436227867,0.5180760436227867,0.0,0.0
strict_top_07,严筛模型 7,SYS_09791 | Province: No / Year: Yes,SYS_09791,Province: No / Year: Yes,all_climate_to_baseline,所有气候变量恢复基准,2015,30,0.4247907550324049,0.4247907550324049,0.3728242256991792,0.05196652933322566,53.86951640053839
strict_top_07,严筛模型 7,SYS_09791 | Province: No / Year: Yes,SYS_09791,Province: No / Year: Yes,all_climate_to_baseline,所有气候变量恢复基准,2016,30,0.19947571476759338,0.19947571476759338,0.022614180256995516,0.17686153451059786,86.73891342209518
strict_top_07,严筛模型 7,SYS_09791 | Province: No / Year: Yes,SYS_09791,Province: No / Year: Yes,all_climate_to_baseline,所有气候变量恢复基准,2017,31,0.007435104621970694,0.007435104621970719,-0.1322467288991898,0.13968183352116054,87.28627114193274
strict_top_07,严筛模型 7,SYS_09791 | Province: No / Year: Yes,SYS_09791,Province: No / Year: Yes,all_climate_to_baseline,所有气候变量恢复基准,2018,31,-0.08212787350784694,-0.08212787350784694,-0.14186866195358208,0.05974078844573515,48.26367453543915
strict_top_07,严筛模型 7,SYS_09791 | Province: No / Year: Yes,SYS_09791,Province: No / Year: Yes,all_climate_to_baseline,所有气候变量恢复基准,2019,31,-0.13604431469085038,-0.13604431469085038,-0.2977314811852171,0.1616871664943667,84.10881796967695
strict_top_07,严筛模型 7,SYS_09791 | Province: No / Year: Yes,SYS_09791,Province: No / Year: Yes,all_climate_to_baseline,所有气候变量恢复基准,2020,31,-0.18613766445953162,-0.18613766445953162,-0.3265472172388452,0.1404095527793136,47.218339708896465
strict_top_07,严筛模型 7,SYS_09791 | Province: No / Year: Yes,SYS_09791,Province: No / Year: Yes,all_climate_to_baseline,所有气候变量恢复基准,2021,31,-0.21077545298772796,-0.21077545298772796,-0.47998523563225604,0.2692097826445281,73.86442458814425
strict_top_07,严筛模型 7,SYS_09791 | Province: No / Year: Yes,SYS_09791,Province: No / Year: Yes,all_climate_to_baseline,所有气候变量恢复基准,2022,31,-0.29194597307072845,-0.29194597307072845,-0.4271933383414597,0.13524736527073125,34.88657487788722
strict_top_07,严筛模型 7,SYS_09791 | Province: No / Year: Yes,SYS_09791,Province: No / Year: Yes,all_climate_to_baseline,所有气候变量恢复基准,2023,31,-0.20682107748715584,-0.20682107748715584,-0.5175159723839408,0.310694894896785,77.01858663388717
strict_top_07,严筛模型 7,SYS_09791 | Province: No / Year: Yes,SYS_09791,Province: No / Year: Yes,r1xday_plus_temperature_to_baseline,R1xday + 温度变量共同恢复基准,2014,30,0.5180760436227867,0.5180760436227867,0.5180760436227867,0.0,0.0
strict_top_07,严筛模型 7,SYS_09791 | Province: No / Year: Yes,SYS_09791,Province: No / Year: Yes,r1xday_plus_temperature_to_baseline,R1xday + 温度变量共同恢复基准,2015,30,0.4247907550324049,0.4247907550324049,0.37341138241413974,0.05137937261826512,54.199810884636136
strict_top_07,严筛模型 7,SYS_09791 | Province: No / Year: Yes,SYS_09791,Province: No / Year: Yes,r1xday_plus_temperature_to_baseline,R1xday + 温度变量共同恢复基准,2016,30,0.19947571476759338,0.19947571476759338,0.024575963924857717,0.17489975084273565,86.65254631798801
strict_top_07,严筛模型 7,SYS_09791 | Province: No / Year: Yes,SYS_09791,Province: No / Year: Yes,r1xday_plus_temperature_to_baseline,R1xday + 温度变量共同恢复基准,2017,31,0.007435104621970694,0.007435104621970719,-0.13175771552756824,0.13919282014953896,86.98068701153764
strict_top_07,严筛模型 7,SYS_09791 | Province: No / Year: Yes,SYS_09791,Province: No / Year: Yes,r1xday_plus_temperature_to_baseline,R1xday + 温度变量共同恢复基准,2018,31,-0.08212787350784694,-0.08212787350784694,-0.14112592648346006,0.05899805297561311,47.91682655690871
strict_top_07,严筛模型 7,SYS_09791 | Province: No / Year: Yes,SYS_09791,Province: No / Year: Yes,r1xday_plus_temperature_to_baseline,R1xday + 温度变量共同恢复基准,2019,31,-0.13604431469085038,-0.13604431469085038,-0.29754470824173496,0.16150039355088452,84.22441878124894
strict_top_07,严筛模型 7,SYS_09791 | Province: No / Year: Yes,SYS_09791,Province: No / Year: Yes,r1xday_plus_temperature_to_baseline,R1xday + 温度变量共同恢复基准,2020,31,-0.18613766445953162,-0.18613766445953162,-0.32543091314057726,0.13929324868104567,46.807105561819874
strict_top_07,严筛模型 7,SYS_09791 | Province: No / Year: Yes,SYS_09791,Province: No / Year: Yes,r1xday_plus_temperature_to_baseline,R1xday + 温度变量共同恢复基准,2021,31,-0.21077545298772796,-0.21077545298772796,-0.47839492501476544,0.2676194720270375,74.37699901405209
strict_top_07,严筛模型 7,SYS_09791 | Province: No / Year: Yes,SYS_09791,Province: No / Year: Yes,r1xday_plus_temperature_to_baseline,R1xday + 温度变量共同恢复基准,2022,31,-0.29194597307072845,-0.29194597307072845,-0.42701248838367584,0.13506651531294736,34.647267689051446
strict_top_07,严筛模型 7,SYS_09791 | Province: No / Year: Yes,SYS_09791,Province: No / Year: Yes,r1xday_plus_temperature_to_baseline,R1xday + 温度变量共同恢复基准,2023,31,-0.20682107748715584,-0.20682107748715584,-0.5172325259153799,0.3104114484282242,77.0396603988157
strict_top_07,严筛模型 7,SYS_09791 | Province: No / Year: Yes,SYS_09791,Province: No / Year: Yes,r1xday_to_baseline,仅 R1xday 恢复基准,2014,30,0.5180760436227867,0.5180760436227867,0.5180760436227867,0.0,0.0
strict_top_07,严筛模型 7,SYS_09791 | Province: No / Year: Yes,SYS_09791,Province: No / Year: Yes,r1xday_to_baseline,仅 R1xday 恢复基准,2015,30,0.4247907550324049,0.4247907550324049,0.4336882922155562,-0.008897537183151371,5.421345061583841
strict_top_07,严筛模型 7,SYS_09791 | Province: No / Year: Yes,SYS_09791,Province: No / Year: Yes,r1xday_to_baseline,仅 R1xday 恢复基准,2016,30,0.19947571476759338,0.19947571476759338,0.08795948819523143,0.11151622657236197,51.32792914175961
strict_top_07,严筛模型 7,SYS_09791 | Province: No / Year: Yes,SYS_09791,Province: No / Year: Yes,r1xday_to_baseline,仅 R1xday 恢复基准,2017,31,0.007435104621970694,0.007435104621970719,0.015892570802140665,-0.008457466180169949,-26.405385715506462
strict_top_07,严筛模型 7,SYS_09791 | Province: No / Year: Yes,SYS_09791,Province: No / Year: Yes,r1xday_to_baseline,仅 R1xday 恢复基准,2018,31,-0.08212787350784694,-0.08212787350784694,-0.10924182463262753,0.02711395112478061,4.870577108210801
strict_top_07,严筛模型 7,SYS_09791 | Province: No / Year: Yes,SYS_09791,Province: No / Year: Yes,r1xday_to_baseline,仅 R1xday 恢复基准,2019,31,-0.13604431469085038,-0.13604431469085038,-0.16060061161643632,0.02455629692558595,11.519078602196444
strict_top_07,严筛模型 7,SYS_09791 | Province: No / Year: Yes,SYS_09791,Province: No / Year: Yes,r1xday_to_baseline,仅 R1xday 恢复基准,2020,31,-0.18613766445953162,-0.18613766445953162,-0.20663010461382894,0.02049244015429731,11.405595315938665
strict_top_07,严筛模型 7,SYS_09791 | Province: No / Year: Yes,SYS_09791,Province: No / Year: Yes,r1xday_to_baseline,仅 R1xday 恢复基准,2021,31,-0.21077545298772796,-0.21077545298772796,-0.23841101500556597,0.02763556201783803,39.155721955318384
strict_top_07,严筛模型 7,SYS_09791 | Province: No / Year: Yes,SYS_09791,Province: No / Year: Yes,r1xday_to_baseline,仅 R1xday 恢复基准,2022,31,-0.29194597307072845,-0.29194597307072845,-0.29482341456059735,0.002877441489868954,1.795458337883446
strict_top_07,严筛模型 7,SYS_09791 | Province: No / Year: Yes,SYS_09791,Province: No / Year: Yes,r1xday_to_baseline,仅 R1xday 恢复基准,2023,31,-0.20682107748715584,-0.20682107748715584,-0.2203298583005088,0.013508780813352996,-11.41916945260543
strict_top_07,严筛模型 7,SYS_09791 | Province: No / Year: Yes,SYS_09791,Province: No / Year: Yes,temperature_to_baseline,仅温度变量恢复基准,2014,30,0.5180760436227867,0.5180760436227867,0.5180760436227867,0.0,0.0
strict_top_07,严筛模型 7,SYS_09791 | Province: No / Year: Yes,SYS_09791,Province: No / Year: Yes,temperature_to_baseline,仅温度变量恢复基准,2015,30,0.4247907550324049,0.4247907550324049,0.36451384523098845,0.060276909801416464,62.67087164309721
strict_top_07,严筛模型 7,SYS_09791 | Province: No / Year: Yes,SYS_09791,Province: No / Year: Yes,temperature_to_baseline,仅温度变量恢复基准,2016,30,0.19947571476759338,0.19947571476759338,0.13609219049721968,0.06338352427037372,21.73238350706174
strict_top_07,严筛模型 7,SYS_09791 | Province: No / Year: Yes,SYS_09791,Province: No / Year: Yes,temperature_to_baseline,仅温度变量恢复基准,2017,31,0.007435104621970694,0.007435104621970719,-0.1402151817077382,0.14765028632970892,68.96708839951869
strict_top_07,严筛模型 7,SYS_09791 | Province: No / Year: Yes,SYS_09791,Province: No / Year: Yes,temperature_to_baseline,仅温度变量恢复基准,2018,31,-0.08212787350784694,-0.08212787350784694,-0.11401197535867945,0.031884101850832514,20.701543054718105
strict_top_07,严筛模型 7,SYS_09791 | Province: No / Year: Yes,SYS_09791,Province: No / Year: Yes,temperature_to_baseline,仅温度变量恢复基准,2019,31,-0.13604431469085038,-0.13604431469085038,-0.272988411316149,0.13694409662529858,48.106831459518176
strict_top_07,严筛模型 7,SYS_09791 | Province: No / Year: Yes,SYS_09791,Province: No / Year: Yes,temperature_to_baseline,仅温度变量恢复基准,2020,31,-0.18613766445953162,-0.18613766445953162,-0.30493847298627996,0.11880080852674836,45.21664870448086
strict_top_07,严筛模型 7,SYS_09791 | Province: No / Year: Yes,SYS_09791,Province: No / Year: Yes,temperature_to_baseline,仅温度变量恢复基准,2021,31,-0.21077545298772796,-0.21077545298772796,-0.4507593629969274,0.23998391000919947,70.04308470624822
strict_top_07,严筛模型 7,SYS_09791 | Province: No / Year: Yes,SYS_09791,Province: No / Year: Yes,temperature_to_baseline,仅温度变量恢复基准,2022,31,-0.29194597307072845,-0.29194597307072845,-0.4241350468938069,0.1321890738230784,31.097513530180755
strict_top_07,严筛模型 7,SYS_09791 | Province: No / Year: Yes,SYS_09791,Province: No / Year: Yes,temperature_to_baseline,仅温度变量恢复基准,2023,31,-0.20682107748715584,-0.20682107748715584,-0.503723745102027,0.29690266761487116,67.23111526364313
strict_top_08,严筛模型 8,SYS_09776 | Province: No / Year: Yes,SYS_09776,Province: No / Year: Yes,all_climate_to_baseline,所有气候变量恢复基准,2014,30,0.5180760436227867,0.5180760436227867,0.5180760436227867,0.0,0.0
strict_top_08,严筛模型 8,SYS_09776 | Province: No / Year: Yes,SYS_09776,Province: No / Year: Yes,all_climate_to_baseline,所有气候变量恢复基准,2015,30,0.4247907550324049,0.4247907550324049,0.3736260600717291,0.05116469496067572,54.30728317918819
strict_top_08,严筛模型 8,SYS_09776 | Province: No / Year: Yes,SYS_09776,Province: No / Year: Yes,all_climate_to_baseline,所有气候变量恢复基准,2016,30,0.19947571476759338,0.19947571476759335,0.02439213548830094,0.1750835792792924,86.29974811213593
strict_top_08,严筛模型 8,SYS_09776 | Province: No / Year: Yes,SYS_09776,Province: No / Year: Yes,all_climate_to_baseline,所有气候变量恢复基准,2017,31,0.007435104621970694,0.007435104621970716,-0.13127704848330557,0.1387121531052763,86.46671748768277
strict_top_08,严筛模型 8,SYS_09776 | Province: No / Year: Yes,SYS_09776,Province: No / Year: Yes,all_climate_to_baseline,所有气候变量恢复基准,2018,31,-0.08212787350784694,-0.08212787350784691,-0.14112019244917393,0.05899231894132702,48.27365837419412
strict_top_08,严筛模型 8,SYS_09776 | Province: No / Year: Yes,SYS_09776,Province: No / Year: Yes,all_climate_to_baseline,所有气候变量恢复基准,2019,31,-0.13604431469085038,-0.13604431469085038,-0.29720868222495384,0.1611643675341035,83.74678099744348
strict_top_08,严筛模型 8,SYS_09776 | Province: No / Year: Yes,SYS_09776,Province: No / Year: Yes,all_climate_to_baseline,所有气候变量恢复基准,2020,31,-0.18613766445953162,-0.18613766445953162,-0.32513665989868273,0.13899899543915117,46.768305794484945
strict_top_08,严筛模型 8,SYS_09776 | Province: No / Year: Yes,SYS_09776,Province: No / Year: Yes,all_climate_to_baseline,所有气候变量恢复基准,2021,31,-0.21077545298772796,-0.2107754529877279,-0.4777538919423725,0.2669784389546446,73.77210397887218
strict_top_08,严筛模型 8,SYS_09776 | Province: No / Year: Yes,SYS_09776,Province: No / Year: Yes,all_climate_to_baseline,所有气候变量恢复基准,2022,31,-0.29194597307072845,-0.29194597307072845,-0.4266175613492556,0.13467158827852718,34.7373630416833
strict_top_08,严筛模型 8,SYS_09776 | Province: No / Year: Yes,SYS_09776,Province: No / Year: Yes,all_climate_to_baseline,所有气候变量恢复基准,2023,31,-0.20682107748715584,-0.20682107748715584,-0.5163693766127929,0.309548299125637,77.0891635351901
strict_top_08,严筛模型 8,SYS_09776 | Province: No / Year: Yes,SYS_09776,Province: No / Year: Yes,r1xday_to_baseline,仅 R1xday 恢复基准,2014,30,0.5180760436227867,0.5180760436227867,0.5180760436227867,0.0,0.0
strict_top_08,严筛模型 8,SYS_09776 | Province: No / Year: Yes,SYS_09776,Province: No / Year: Yes,r1xday_to_baseline,仅 R1xday 恢复基准,2015,30,0.4247907550324049,0.4247907550324049,0.43371844111331,-0.00892768608090509,5.41640710071298
strict_top_08,严筛模型 8,SYS_09776 | Province: No / Year: Yes,SYS_09776,Province: No / Year: Yes,r1xday_to_baseline,仅 R1xday 恢复基准,2016,30,0.19947571476759338,0.19947571476759335,0.08758162056246904,0.11189409420512433,54.930387163422104
strict_top_08,严筛模型 8,SYS_09776 | Province: No / Year: Yes,SYS_09776,Province: No / Year: Yes,r1xday_to_baseline,仅 R1xday 恢复基准,2017,31,0.007435104621970694,0.007435104621970716,0.015921228539430524,-0.008486123917459808,-26.815119752339864
strict_top_08,严筛模型 8,SYS_09776 | Province: No / Year: Yes,SYS_09776,Province: No / Year: Yes,r1xday_to_baseline,仅 R1xday 恢复基准,2018,31,-0.08212787350784694,-0.08212787350784691,-0.1093336990157668,0.027205825507919886,5.132026491632408
strict_top_08,严筛模型 8,SYS_09776 | Province: No / Year: Yes,SYS_09776,Province: No / Year: Yes,r1xday_to_baseline,仅 R1xday 恢复基准,2019,31,-0.13604431469085038,-0.13604431469085038,-0.1606838195053139,0.02463950481446352,11.470506414827135
strict_top_08,严筛模型 8,SYS_09776 | Province: No / Year: Yes,SYS_09776,Province: No / Year: Yes,r1xday_to_baseline,仅 R1xday 恢复基准,2020,31,-0.18613766445953162,-0.18613766445953162,-0.20669954230992607,0.020561877850394445,11.41483712814864
strict_top_08,严筛模型 8,SYS_09776 | Province: No / Year: Yes,SYS_09776,Province: No / Year: Yes,r1xday_to_baseline,仅 R1xday 恢复基准,2021,31,-0.21077545298772796,-0.2107754529877279,-0.23850465684335675,0.02772920385562886,39.30383126929896
strict_top_08,严筛模型 8,SYS_09776 | Province: No / Year: Yes,SYS_09776,Province: No / Year: Yes,r1xday_to_baseline,仅 R1xday 恢复基准,2022,31,-0.29194597307072845,-0.29194597307072845,-0.2948331646394658,0.002887191568737384,1.6691863440104244
strict_top_08,严筛模型 8,SYS_09776 | Province: No / Year: Yes,SYS_09776,Province: No / Year: Yes,r1xday_to_baseline,仅 R1xday 恢复基准,2023,31,-0.20682107748715584,-0.20682107748715584,-0.22037563218637587,0.013554554699220052,-12.491841660741938
strict_top_08,严筛模型 8,SYS_09776 | Province: No / Year: Yes,SYS_09776,Province: No / Year: Yes,temperature_to_baseline,仅温度变量恢复基准,2014,30,0.5180760436227867,0.5180760436227867,0.5180760436227867,0.0,0.0
strict_top_08,严筛模型 8,SYS_09776 | Province: No / Year: Yes,SYS_09776,Province: No / Year: Yes,temperature_to_baseline,仅温度变量恢复基准,2015,30,0.4247907550324049,0.4247907550324049,0.36469837399082405,0.06009238104158081,62.62229166665672
strict_top_08,严筛模型 8,SYS_09776 | Province: No / Year: Yes,SYS_09776,Province: No / Year: Yes,temperature_to_baseline,仅温度变量恢复基准,2016,30,0.19947571476759338,0.19947571476759335,0.1362862296934253,0.06318948507416808,21.71749845060218
strict_top_08,严筛模型 8,SYS_09776 | Province: No / Year: Yes,SYS_09776,Province: No / Year: Yes,temperature_to_baseline,仅温度变量恢复基准,2017,31,0.007435104621970694,0.007435104621970716,-0.13976317240076538,0.1471982770227361,68.6009170151016
strict_top_08,严筛模型 8,SYS_09776 | Province: No / Year: Yes,SYS_09776,Province: No / Year: Yes,temperature_to_baseline,仅温度变量恢复基准,2018,31,-0.08212787350784694,-0.08212787350784691,-0.11391436694125406,0.03178649343340715,20.8254714238496
strict_top_08,严筛模型 8,SYS_09776 | Province: No / Year: Yes,SYS_09776,Province: No / Year: Yes,temperature_to_baseline,仅温度变量恢复基准,2019,31,-0.13604431469085038,-0.13604431469085038,-0.2725691774104903,0.13652486271963996,48.00882366519266
strict_top_08,严筛模型 8,SYS_09776 | Province: No / Year: Yes,SYS_09776,Province: No / Year: Yes,temperature_to_baseline,仅温度变量恢复基准,2020,31,-0.18613766445953162,-0.18613766445953162,-0.30457478204828836,0.11843711758875675,45.17266200657424
strict_top_08,严筛模型 8,SYS_09776 | Province: No / Year: Yes,SYS_09776,Province: No / Year: Yes,temperature_to_baseline,仅温度变量恢复基准,2021,31,-0.21077545298772796,-0.2107754529877279,-0.4500246880867436,0.23924923509901572,69.87255839941893
strict_top_08,严筛模型 8,SYS_09776 | Province: No / Year: Yes,SYS_09776,Province: No / Year: Yes,temperature_to_baseline,仅温度变量恢复基准,2022,31,-0.29194597307072845,-0.29194597307072845,-0.42373036978051826,0.1317843967097898,31.373114587260385
strict_top_08,严筛模型 8,SYS_09776 | Province: No / Year: Yes,SYS_09776,Province: No / Year: Yes,temperature_to_baseline,仅温度变量恢复基准,2023,31,-0.20682107748715584,-0.20682107748715584,-0.5028148219135729,0.29599374442641696,67.27788660652087
